OBJ_ID,total_usage,total_duration,num_sessions,cluster_kmeans,perfil_consumo,PCA1,PCA2
100000011308709374,1452150.0,7.549722222222222,2,0,Alto Regular,-0.32324506881868703,-0.11181544159666201
100000050006176138,174664798.0,2.8225000000000002,9,1,Bajo Extremo,-0.4999737964507497,0.178419807579362
100000050009424082,32675.0,2.013888888888889,6,1,Bajo Extremo,-0.8532717187996214,-0.1101051202077183
100010011306626560,3501366.0,0.023055555555555555,4,1,Bajo Extremo,-1.2723483240828732,-0.06435649690811365
100010011308045551,7923272.0,5.333333333333333,2,1,Bajo Extremo,-0.6407644173603728,-0.08035672651034492
100010050003713977,30667484.0,5.715833333333333,6,1,Bajo Extremo,-0.31417618921877316,-0.08471162113302474
100010050008560249,35496856.0,3.1558333333333333,13,1,Bajo Extremo,-0.21466717192651177,-0.129997299968915
100020011305895153,1193722.0,8.279444444444444,17,0,Alto Regular,0.7820034901339471,-0.28289658579215415
100020011309552839,163591669.0,3.251388888888889,23,1,Bajo Extremo,0.49301948094513687,0.0005684363617381642
100020012316207029,448.0,0.11055555555555556,7,1,Bajo Extremo,-1.0604361306486147,-0.10455067089384769
100020050008803646,34944174.0,12.66638888888889,10,0,Alto Regular,0.9534999240858629,-0.18095800905752646
100020050011515891,56154474.0,17.95111111111111,24,0,Alto Regular,2.651954662827751,-0.34035778293036156
100030011310146644,7536601.0,10.23,21,0,Alto Regular,1.3307330783046694,-0.33174239952029594
100030011311829271,7422074.0,13.998888888888889,10,0,Alto Regular,1.1394008310107266,-0.24431247658285227
100030050006290519,51826990.0,1.1847222222222222,4,1,Bajo Extremo,-1.0950017602683775,0.016414141167323985
100030050010449296,6558906.0,8.204444444444444,33,2,Bajo Regular,1.8393470069431241,-0.44734817140635724
100040011307469060,1591010.0,1.888611111111111,18,1,Bajo Extremo,-0.07071646876182923,-0.23747975196295076
100040011310867596,395067618.0,8.0,8,0,Alto Regular,0.22482498070404472,0.5587967047282888
100040011311988202,1335742151.0,4.666388888888889,4,1,Bajo Extremo,-0.3228147221593711,2.4006291369203767
100040011315450833,356991205.0,13.68,7,0,Alto Regular,0.9673120659513741,0.4487073191751923
100040011315657971,3216986.0,1.3333333333333333,2,1,Bajo Extremo,-1.2172651727349535,-0.05439537451249137
100040050003752170,292132.0,5.333055555555555,2,1,Bajo Extremo,-0.6424166371026718,-0.09470534195506106
100040050012264625,16312011.0,0.4225,4,1,Bajo Extremo,-1.2121710674268384,-0.04374130610170106
100050011307572401,10711581.0,5.315833333333333,10,1,Bajo Extremo,-0.10919279158508761,-0.16255776885239465
100050050004427713,255622357.0,2.1544444444444446,11,1,Bajo Extremo,-0.4456121245344484,0.3145824751963735
100060011306855303,17170211.0,10.882222222222222,9,0,Alto Regular,0.6263573651863404,-0.18790631585489853
100060050001898016,24751922.0,9.868055555555555,10,0,Alto Regular,0.5487318596731232,-0.1757715873317009
100060050005655068,3517985.0,5.788888888888889,10,1,Bajo Extremo,-0.04265097419814489,-0.18020295688430532
100060050010169842,324553.0,1.3333333333333333,2,1,Bajo Extremo,-1.2178762657987938,-0.05983485029999499
100070011308674525,9236163.0,5.556111111111111,17,0,Alto Regular,0.39187867026240997,-0.2440709367907917
100070011310999582,2891279.0,0.5622222222222222,9,1,Bajo Extremo,-0.8614660137315748,-0.12494430737037421
100080011306079034,532.0,0.6669444444444445,2,1,Bajo Extremo,-1.3138224976537205,-0.05464462814574191
100080050003228590,644843968.0,10.623611111111112,29,2,Bajo Regular,2.0555107370596346,0.7757478093866663
100090011306130983,16183827.0,11.333055555555555,7,0,Alto Regular,0.5576382479951878,-0.17178564219289397
100090011311831327,344540.0,2.6666666666666665,1,1,Bajo Extremo,-1.0927241082164347,-0.060451616765262915
100090011313618833,61284792.0,19.034444444444443,15,0,Alto Regular,2.20871697073604,-0.2415913683373189
100090012315106320,1014877.0,5.333611111111111,6,1,Bajo Extremo,-0.37543382313274193,-0.13714949411342905
100090050008324205,5769529.0,0.7502777777777778,15,1,Bajo Extremo,-0.433675842137583,-0.18686590306560985
100100011305742489,63176298.0,2.7919444444444443,22,1,Bajo Extremo,0.3390135658336636,-0.17332337627076028
100100011306998098,7229468.0,10.66611111111111,6,0,Alto Regular,0.39310118059102367,-0.1718710723529126
100100011307840961,9182609.0,5.793611111111112,4,1,Bajo Extremo,-0.44090005362894336,-0.10389347395546161
100110011305574910,2748767.0,0.12166666666666666,2,1,Bajo Extremo,-1.391694588471723,-0.044730785306909555
100110011305599930,743767465.0,10.665833333333333,8,0,Alto Regular,0.682046917072269,1.191356866203605
100110011306703083,13275413.0,10.666666666666666,4,0,Alto Regular,0.2610833641196928,-0.13860672214991407
100110011307221610,16599995.0,1.3333333333333333,2,1,Bajo Extremo,-1.2144377039662002,-0.02922744377064078
100110011308372288,5146899.0,4.000277777777778,3,1,Bajo Extremo,-0.766458959220322,-0.0849260049257908
100110050004554883,50064078.0,13.137777777777778,15,0,Alto Regular,1.3579539202185251,-0.21137431282407004
100120011305344630,31148897.0,13.0,11,0,Alto Regular,1.067384467007686,-0.20194840087473082
100120011307143690,18730627.0,14.939444444444444,12,0,Alto Regular,1.4104890620033972,-0.25313063567268557
100120011309828878,1801504.0,8.443055555555555,9,0,Alto Regular,0.2721713382706517,-0.19558049705515831
100120011310327584,3664308.0,2.6847222222222222,2,1,Bajo Extremo,-1.0227374121521884,-0.0653152627278385
100120011315570472,140944.0,0.6663888888888889,1,1,Bajo Extremo,-1.3805603103361614,-0.043426110236106145
100130011305753948,13521626.0,16.16861111111111,19,0,Alto Regular,2.0530497004983492,-0.3502714211042816
100130011308481877,23673357.0,8.0,3,0,Alto Regular,-0.1870783400537032,-0.08489488504354228
100130011309547833,19911721.0,8.354166666666666,7,0,Alto Regular,0.12983341347372235,-0.13884978391523808
100130050004845443,8195016.0,8.883333333333333,5,0,Alto Regular,0.07011760345712034,-0.14359016065777702
100130050004960865,3803335.0,4.365,17,1,Bajo Extremo,0.2193578302451073,-0.24392162809084522
100140011306364884,6181918.0,4.181388888888889,5,1,Bajo Extremo,-0.6068075417423052,-0.10645501897268637
100140011310907575,68318926.0,3.666111111111111,4,1,Bajo Extremo,-0.7345036351229756,0.025833194381517894
100140011314061549,6941039.0,11.008055555555556,8,0,Alto Regular,0.5756131441492677,-0.19728867731441957
100150011306305238,49317976.0,6.505833333333333,8,1,Bajo Extremo,-0.06319822768309698,-0.07841233262344478
100150011306714400,86266290.0,6.062222222222222,6,1,Bajo Extremo,-0.2525924019675361,0.016832228224874943
100150050004885978,400.0,0.3375,1,1,Bajo Extremo,-1.427909422229358,-0.04082810069318451
100150050016859754,1586579.0,4.430555555555555,4,1,Bajo Extremo,-0.6386167038236433,-0.10631582786337132
100160011305875227,2008908.0,2.6666666666666665,2,1,Bajo Extremo,-1.0256849256580483,-0.0682712514507555
100160011308045536,6220738.0,10.666666666666666,7,0,Alto Regular,0.45965554110464757,-0.18472253897280497
100160011315398670,110848326.0,10.440555555555555,30,2,Bajo Regular,1.9830419970227915,-0.2378346671141949
100160050007934102,18266272.0,3.6838888888888888,10,1,Bajo Extremo,-0.34239532522882216,-0.13414771756225002
100170011308020600,103997775.0,5.878611111111111,28,2,Bajo Regular,1.1918624610487396,-0.18911594951456898
100170011311662084,659354.0,0.10416666666666666,8,1,Bajo Extremo,-0.9945285867680715,-0.1142055632956123
100170050017410573,164361.0,0.0011111111111111111,2,1,Bajo Extremo,-1.409585728513789,-0.04854179595901919
100180011306526142,1311647.0,0.09416666666666668,2,1,Bajo Extremo,-1.3959548199618046,-0.047194084350936104
100180011308892844,1887029.0,8.000277777777777,3,0,Alto Regular,-0.19164123770584096,-0.1258684170489702
100180050003622513,247056.0,0.11638888888888889,3,1,Bajo Extremo,-1.3262949347982902,-0.060339167183744866
100180050004646266,2204542.0,2.6666666666666665,3,1,Bajo Extremo,-0.9589560469718784,-0.07885297017805074
100180050006288905,807912.0,9.477777777777778,8,0,Alto Regular,0.3541461992722132,-0.19550458045818933
100190011305722811,3215220.0,3.333611111111111,2,1,Bajo Extremo,-0.9294723580657839,-0.07180708242528375
100190011306322243,2583942.0,2.4627777777777777,22,1,Bajo Extremo,0.2788526511459134,-0.284407922292748
100190011313868871,14671002.0,3.019722222222222,6,1,Bajo Extremo,-0.7054631439451291,-0.09133020512570113
100190050004571851,1316075.0,1.3330555555555557,2,1,Bajo Extremo,-1.2177067496737317,-0.05796778808758737
100190050008726110,95065.0,0.9997222222222222,1,1,Bajo Extremo,-1.332611132989178,-0.04641338463177732
100190050008868414,208869344.0,12.094166666666666,11,0,Alto Regular,0.9746037729463521,0.14015405395541602
100200011311539811,2157843.0,9.102777777777778,6,0,Alto Regular,0.16710258114155285,-0.1678030452150866
100200050003850053,885339.0,0.010833333333333334,9,1,Bajo Extremo,-0.9412217794301414,-0.12391792571881693
100200050005539314,41570803.0,13.999722222222223,8,0,Alto Regular,1.0133603403961,-0.15820077583275358
100200050010758895,7855138.0,10.0,4,0,Alto Regular,0.1640204655507398,-0.14299803837374087
100200050016380681,57928459.0,1.2991666666666666,10,1,Bajo Extremo,-0.6771215266528738,-0.038805270074234746
100210011307332868,282548662.0,15.216944444444445,10,0,Alto Regular,1.3727773623499293,0.26248665931376586
100210011310096016,12548092.0,12.336944444444445,9,0,Alto Regular,0.8346813394499533,-0.20925904414250815
100210050008536448,23356608.0,14.519722222222223,9,0,Alto Regular,1.151015556589388,-0.20792935642208252
100210050012923628,2273002.0,10.702777777777778,8,0,Alto Regular,0.5307045817724102,-0.20341050547536407
100220011305116764,3098332.0,10.626666666666667,5,0,Alto Regular,0.3198657035096771,-0.16834712842270574
100220011308231094,163971.0,0.006944444444444444,2,1,Bajo Extremo,-1.4087465306792828,-0.048593296798926204
100220011311228519,5391448.0,9.333055555555555,8,0,Alto Regular,0.3342924339056412,-0.1856253208008978
100220011311381772,4614484.0,9.070277777777777,23,0,Alto Regular,1.2966339037466756,-0.3490439054901231
100220050011302112,92847726.0,4.509166666666667,4,1,Bajo Extremo,-0.6080253851555268,0.06462467021168943
100230011306800719,86172501.0,1.0002777777777778,1,1,Bajo Extremo,-1.3143453614196654,0.11545800325637966
100230011315740185,725.0,2.498611111111111,1,1,Bajo Extremo,-1.1169760108482787,-0.059635606326798894
100240011305468315,65261399.0,3.6661111111111113,6,1,Bajo Extremo,-0.6017745150961182,-0.0018160067531867038
100240011305952090,1108328.0,1.3327777777777778,2,1,Bajo Extremo,-1.2177906067357334,-0.05835605717868916
100240050003865101,609836140.0,2.0505555555555555,15,1,Bajo Extremo,-0.11897330305714462,0.9378184274384723
100250011305735451,3128662.0,14.331944444444446,12,0,Alto Regular,1.3197877464942311,-0.2771844460311651
100250011309535769,2710554000.0,7.753333333333333,25,0,Alto Regular,1.8122235148686072,4.72927650543706
100250012316361004,9037225.0,10.999444444444444,10,0,Alto Regular,0.7081921672176618,-0.21517092348180172
100260011315368845,675694.0,5.333333333333333,2,1,Bajo Extremo,-0.6422956350741249,-0.0939864372241433
100270011306916455,1187821.0,6.666388888888889,4,1,Bajo Extremo,-0.31701682781274965,-0.12652415068827746
100270011313711554,165162.0,0.011666666666666667,2,1,Bajo Extremo,-1.4080668617232672,-0.04863215444571698
100270050011195897,28049153.0,10.912222222222223,35,2,Bajo Regular,2.3668482994700146,-0.4523988633023251
100270050014440977,94850628.0,1.357222222222222,2,1,Bajo Extremo,-1.1944684038032676,0.11772187997797295
100270050017441700,404956.0,2.9947222222222223,1,1,Bajo Extremo,-1.0455118223838828,-0.06319306160385774
100280011306033852,706026.0,6.999722222222222,5,0,Alto Regular,-0.20247220125729487,-0.14128082938031253
100280011308373302,3365893.0,8.959722222222222,16,0,Alto Regular,0.8136509259910676,-0.27378244763650583
100280011308811510,928892.0,10.666666666666666,4,0,Alto Regular,0.2584748773040404,-0.16182544563958698
100280011313871606,29088142.0,10.221944444444444,6,0,Alto Regular,0.3338141339958464,-0.12689832911723148
100280011314517161,46866822.0,4.406944444444445,7,1,Bajo Extremo,-0.4323846571516916,-0.05380572073929362
100280050005367910,460168206.0,4.428888888888889,4,1,Bajo Extremo,-0.5419705715301109,0.7561019399214595
100290011305153890,356286451.0,10.008888888888889,6,0,Alto Regular,0.3722885985770759,0.4902812164093019
100290011315337140,297006395.0,12.757777777777777,9,0,Alto Regular,0.9553277788593524,0.3220274189806361
100290050006968312,42785049.0,2.5572222222222223,2,1,Bajo Extremo,-1.032816522843512,0.009364377373888524
100290050014031045,4660651.0,13.315833333333334,188,2,Bajo Regular,12.910924975275291,-2.1925943375343886
100290050014958486,1324528.0,7.0,3,1,Bajo Extremo,-0.33567665574387856,-0.11822084772867283
100300011305760820,139730644.0,2.652222222222222,2,1,Bajo Extremo,-0.9986662558703273,0.1908523498551482
100300011308643767,34239417.0,9.332777777777778,7,0,Alto Regular,0.2736597192998654,-0.12042212328919812
100300011310418798,31162842.0,13.129166666666666,29,2,Bajo Regular,2.2863473124599847,-0.4001395750426818
100300011311100538,1498773.0,1.7444444444444445,4,1,Bajo Extremo,-1.0251038183687122,-0.08310377103800048
100300011313594407,35519747.0,1.828611111111111,16,1,Bajo Extremo,-0.2055559315887561,-0.15125233403782132
100300050004433802,176016246.0,10.666666666666666,4,0,Alto Regular,0.29546611187906535,0.1674417915897892
100310011308369257,5011272.0,8.66611111111111,5,0,Alto Regular,0.03819176706479163,-0.14768699085112524
100310011311424427,173931792.0,1.5197222222222222,7,1,Bajo Extremo,-0.8209430054301144,0.21027863153531004
100310050003759615,756024.0,5.333055555555555,3,1,Bajo Extremo,-0.5756310827378881,-0.10478257781419509
100320011308479672,60.0,0.3333333333333333,1,1,Bajo Extremo,-1.4285089799414612,-0.04079247765718407
100330011306854877,11628183.0,6.7347222222222225,5,1,Bajo Extremo,-0.23829194605172238,-0.11843445729559952
100340011308692546,10961831.0,9.670277777777777,11,0,Alto Regular,0.5840503355562631,-0.2109334405216682
100340011308697871,6205835.0,5.5925,13,1,Bajo Extremo,0.12972376771906843,-0.20628792525942077
100340011315512884,230729.0,1.9619444444444445,5,1,Bajo Extremo,-0.9273910124601943,-0.09833096471358958
100350011307621642,12510523.0,0.6791666666666667,3,1,Bajo Extremo,-1.2427334356248707,-0.04217448043925871
100350011308244016,237456548.0,1.668611111111111,3,1,Bajo Extremo,-1.052850495437907,0.37224527254178785
100350011310514018,55901596.0,13.491111111111111,14,0,Alto Regular,1.343336086356361,-0.1925217733400129
100350011311993180,2601861.0,0.08472222222222223,10,1,Bajo Extremo,-0.8635406952127,-0.13228253406551535
100360011305878711,45354326.0,6.333055555555555,4,1,Bajo Extremo,-0.3556445071264545,-0.040564141277999885
100360011306348557,4599045.0,11.8625,6,0,Alto Regular,0.5646778219744705,-0.18722996932249042
100360011307417734,1064201635.0,5.333888888888889,2,1,Bajo Extremo,-0.4175213629908493,1.9060632166702158
100360011310191089,9288094.0,3.404444444444444,6,1,Bajo Extremo,-0.6512478776712827,-0.10480147076500325
100360011310863635,10047793.0,10.565555555555555,4,0,Alto Regular,0.2458539310813379,-0.14379657825505315
100360050001339713,6980850.0,9.332777777777778,9,0,Alto Regular,0.40127581244529775,-0.19358351817650019
100360050005287721,268868982.0,7.404722222222222,18,0,Alto Regular,0.7793915290832999,0.2171534566417377
100370011308979331,8001522.0,20.858333333333334,14,0,Alto Regular,2.393187058927644,-0.34671891611857814
100370050012631991,32111630.0,12.860555555555555,19,0,Alto Regular,1.5810254444225509,-0.28652131953663434
100370050013644681,31903554.0,4.359166666666667,5,1,Bajo Extremo,-0.5757951897647393,-0.05963040737649253
100380011309064620,390949176.0,5.6722222222222225,3,1,Bajo Extremo,-0.4443956453737528,0.6260583537088393
100380011311841771,46869.0,5.333333333333333,2,1,Bajo Extremo,-0.6424284888328358,-0.09516899818997274
100380050016341250,27211949.0,2.6708333333333334,2,1,Bajo Extremo,-1.019760717116993,-0.02091096873226013
100390011310637048,73383080.0,0.050277777777777775,14,1,Bajo Extremo,-0.5867920970373836,-0.04267093211225539
100390050010878261,12116476.0,11.131388888888889,6,0,Alto Regular,0.46107626339717195,-0.16672992742539322
100400011305166027,10166380.0,11.33361111111111,10,0,Alto Regular,0.7565094947258507,-0.2159556951197038
100400011305185761,23413141.0,1.3330555555555557,2,1,Bajo Extremo,-1.2130382357396767,-0.016412303316852964
100400050004578639,535307727.0,5.958333333333333,21,0,Alto Regular,0.8276439561331931,0.6979540781079634
100410011305832796,41817530.0,7.290277777777778,8,0,Alto Regular,0.04808033862121878,-0.09934459190878907
100410011308042167,22213324.0,1.4477777777777778,5,1,Bajo Extremo,-0.9967232406629057,-0.052515968164218746
100410050007148656,3752604.0,6.666666666666666,6,1,Bajo Extremo,-0.1830598996304596,-0.14360251866266482
100420011309638068,15108483.0,5.333333333333333,2,1,Bajo Extremo,-0.6392463761112483,-0.0668443024498378
100420011311371725,428808191.0,5.550277777777778,10,1,Bajo Extremo,0.012870815271429713,0.6216694764534999
100430011306245449,37518413.0,10.66638888888889,4,0,Alto Regular,0.2661652902918795,-0.09301320141463895
100430011307480022,728699.0,6.401111111111111,3,1,Bajo Extremo,-0.42196864205239437,-0.11412923599501332
100430011309507447,5567917.0,1.6316666666666666,37,2,Bajo Regular,1.1602188320058109,-0.435807532658078
100430050011953677,36453574.0,0.6983333333333334,4,1,Bajo Extremo,-1.1682297333151392,-0.00826389074639806
100440011305553359,967085.0,5.335555555555556,5,1,Bajo Extremo,-0.44185170671564516,-0.1263066679142338
100440011308754967,28689194.0,8.91611111111111,12,0,Alto Regular,0.5459762514785268,-0.18198169310706155
100440011310968002,133178792.0,8.16638888888889,5,0,Alto Regular,-0.006628233317455408,0.09769242825334574
100440050012522803,19493459.0,1.3924999999999998,4,1,Bajo Extremo,-1.0719386005950042,-0.04620020718331551
100450011306872859,3910124.0,10.668611111111112,4,0,Alto Regular,0.2593844912780484,-0.15623589795781695
100450011308920286,22376116.0,11.288611111111111,24,0,Alto Regular,1.6862402860590153,-0.34589733406274514
100450011311642604,20569688.0,12.665555555555557,10,0,Alto Regular,0.9503430857981935,-0.20798324740236582
100450011315481317,430143512.0,4.6786111111111115,16,1,Bajo Extremo,0.2878657656289631,0.5660690126964549
100460011308311883,309284210.0,1.6680555555555556,3,1,Bajo Extremo,-1.0377551796000999,0.5073283715144803
100460011310053290,279129.0,0.5863888888888888,2,1,Bajo Extremo,-1.3253536979559735,-0.05341962811129202
100460011315376366,164755.0,0.0025,2,1,Bajo Extremo,-1.4093858166457927,-0.04855314248589059
100470011309051766,4651920.0,9.211944444444445,14,0,Alto Regular,0.7168364143626869,-0.25165979488250423
100470011309398359,1131291352.0,13.907499999999999,23,0,Alto Regular,2.2306334717473177,1.7276732099223457
100470011310749657,3475204.0,7.529444444444445,6,0,Alto Regular,-0.05898496403182106,-0.15163293562498845
100470011315638000,204397483.0,10.666666666666666,4,0,Alto Regular,0.30146230161756793,0.22081521509896024
100480011314867616,493908.0,0.02277777777777778,6,1,Bajo Extremo,-1.1396485915523105,-0.09190912136925372
100480050003391094,7439261.0,12.245,10,0,Alto Regular,0.8870608727106454,-0.229016086834886
100480050009938116,10516994.0,9.372777777777777,18,0,Alto Regular,1.007965887215343,-0.28582823809865543
100480050012176185,165822.0,0.006111111111111111,2,1,Bajo Extremo,-1.4088660367887722,-0.04858256334269274
100490011305811371,623550.0,0.3333333333333333,1,1,Bajo Extremo,-1.4283772533243282,-0.039619949630173366
100490050004889007,1484121.0,0.3861111111111111,3,1,Bajo Extremo,-1.2872268570843068,-0.060360145522660266
100490050005862045,5557698.0,1.093611111111111,8,1,Bajo Extremo,-0.851135785358128,-0.11360491447214582
100500011306929849,1181755.0,9.333055555555555,4,0,Alto Regular,0.06665285334115052,-0.14974351740122932
100500011307780881,21595467.0,7.682222222222222,61,2,Bajo Regular,3.6346395650941323,-0.7211152189930362
100500011310367683,459082.0,5.022777777777778,5,1,Bajo Extremo,-0.4869604407160835,-0.12453991223653048
100500050009742083,103912407.0,7.350555555555555,13,0,Alto Regular,0.40330960588483555,-0.03784241527187576
100510011310181839,162774994.0,2.9227777777777777,20,1,Bajo Extremo,0.24550484703814227,0.03474138157340417
100510011310878170,382986.0,0.27111111111111114,10,1,Bajo Extremo,-0.8371924819754509,-0.13807746416751585
100510011313600086,2985548.0,6.581944444444445,9,0,Alto Regular,0.004651135416399598,-0.17715657627907586
100510012314224812,4287736.0,12.66611111111111,11,0,Alto Regular,1.013670626528371,-0.24955735730082942
100520011308027477,663005918.0,8.666666666666666,5,0,Alto Regular,0.17728821651754975,1.0897252362722454
100520011310313285,104080373.0,2.666388888888889,2,1,Bajo Extremo,-1.0041599444070288,0.12368557344612804
100520011311671141,167592055.0,6.832777777777777,12,0,Alto Regular,0.275579739192857,0.09736862634795401
100520050004016361,165291637.0,3.881666666666667,17,1,Bajo Extremo,0.18393558999775245,0.06397783302929509
100520050015753584,32904050.0,0.8227777777777778,13,1,Bajo Extremo,-0.5508870885570444,-0.11456875402716316
100520050016704262,160.0,0.0005555555555555556,1,1,Bajo Extremo,-1.476387897705596,-0.03789612970681464
100530011306420212,41426698.0,4.388333333333334,38,2,Bajo Regular,1.6311022292980628,-0.40331278048582
100530011311004913,1007162.0,1.5855555555555556,16,1,Bajo Extremo,-0.2478175193788872,-0.2140409903639743
100530050016414082,144979409.0,3.233611111111111,10,1,Bajo Extremo,-0.3804086984034009,0.1080662915827732
100530050016883835,12729159.0,5.33,15,1,Bajo Extremo,0.22670945270562634,-0.21363495620125447
100540011305673057,27527103.0,13.1225,20,0,Alto Regular,1.6844320829874109,-0.30837225180501343
100540011305969167,9774856.0,0.3386111111111111,3,1,Bajo Extremo,-1.2923093874613991,-0.04435529414218527
100540011311994379,43355076.0,14.664444444444444,19,0,Alto Regular,1.8429383012491465,-0.2810762433437825
100540012314349521,817157.0,6.666666666666666,4,1,Bajo Extremo,-0.31705517339127554,-0.12722363458219754
100540050008563006,227633140.0,4.309166666666667,12,1,Bajo Extremo,-0.07482381348708704,0.23224413975965907
100540050008674963,63053461.0,6.111666666666666,24,0,Alto Regular,0.9499930895696026,-0.2243451251352914
100540050008784081,21783668.0,0.6805555555555556,3,1,Bajo Extremo,-1.2405744416212408,-0.024747599512616063
100550050003250268,36643461.0,7.682222222222222,23,0,Alto Regular,1.103692033293054,-0.27673035846062316
100550050009791436,122867847.0,11.52111111111111,15,0,Alto Regular,1.140734871424864,-0.06039056821292816
100550050010787662,521358331.0,5.666666666666666,5,1,Bajo Extremo,-0.28426793047181736,0.8494533890582019
100560011305817051,3314046.0,7.395833333333333,4,0,Alto Regular,-0.2116176192309183,-0.12887394053747028
100560011305883561,4170802.0,10.733888888888888,9,0,Alto Regular,0.6022692434470306,-0.21106191018480044
100560011306121459,11049939.0,16.410833333333333,20,0,Alto Regular,2.1540651586619655,-0.3679773288972893
100560011308660574,7789443.0,1.9997222222222222,2,1,Bajo Extremo,-1.1204213609631302,-0.05159603744211982
100570011305187940,13687338.0,16.66444444444444,14,0,Alto Regular,1.7909857981093709,-0.2995268861994139
100570011306654902,15785256.0,7.999722222222221,3,0,Alto Regular,-0.18878484872327478,-0.09972673834989007
100570011315354298,411157.0,0.04111111111111111,5,1,Bajo Extremo,-1.2037158832370107,-0.08127467090641384
100570011315816791,2054.0,0.1475,3,1,Bajo Extremo,-1.3218705358795595,-0.06107067461177666
100570050004179952,64683747.0,5.497222222222222,4,1,Bajo Extremo,-0.47181758930082435,0.003060787232723207
100570050013753866,48055873.0,6.912222222222223,38,2,Bajo Regular,1.995631375080115,-0.41281139750195506
100580011307948822,165548.0,0.002777777777777778,2,1,Bajo Extremo,-1.4093456833810005,-0.0485540686750691
100580050006152607,2462148.0,1.0880555555555556,6,1,Bajo Extremo,-0.9859641990694511,-0.09747876831270653
100580050012601733,329737.0,0.018611111111111113,4,1,Bajo Extremo,-1.273657855334213,-0.07028234550731895
100580050017128550,3980163.0,7.775833333333334,4,0,Alto Regular,-0.156803774488744,-0.13092838283771943
100590011307572671,7676499.0,2.348611111111111,52,2,Bajo Regular,2.2641290529535927,-0.6023261006320331
100590011311862413,49952.0,2.0,1,1,Bajo Extremo,-1.1887040873977595,-0.055203625758525686
100590050016765932,413515855.0,14.665833333333332,10,0,Alto Regular,1.321155198168179,0.5135783475420204
100600011306236054,9749024.0,16.869444444444444,29,2,Bajo Regular,2.8199616413589794,-0.4729617316711759
100600011306851182,110345879.0,1.9572222222222222,4,1,Bajo Extremo,-0.9714936156670139,0.11974102612168025
100600011306938596,56706.0,0.02666666666666667,3,1,Bajo Extremo,-1.3392440798852823,-0.059916286052474496
100600011307404286,11059612.0,1.3047222222222223,19,1,Bajo Extremo,-0.08603641664286184,-0.22554125911232786
100600011308060382,10113845.0,10.568888888888889,5,0,Alto Regular,0.31303502129005695,-0.1546509973300559
100610050007064812,12971554.0,11.455,12,0,Alto Regular,0.9079422672656842,-0.23363601472215625
100610050013538240,15642419.0,0.6836111111111111,6,1,Bajo Extremo,-1.0413696593858108,-0.06917223049929376
100610050016097088,28257273.0,10.333333333333332,4,0,Alto Regular,0.21628975663059358,-0.10753101596961237
100620011310999851,2665908.0,7.2572222222222225,13,0,Alto Regular,0.3684904682734914,-0.22743312266144264
100630011308019581,8216312.0,8.000277777777777,3,0,Alto Regular,-0.19030403095277804,-0.11396564120912939
100630011314071038,18682272.0,4.111666666666666,6,1,Bajo Extremo,-0.5475104047106553,-0.0932898332540082
100630050001258600,29074488.0,8.761944444444445,5,0,Alto Regular,0.05706385067641692,-0.10326802333540634
100630050012749476,140192071.0,11.492222222222221,6,0,Alto Regular,0.5400506586752306,0.07098721680586631
100630050015304666,25233.0,0.39694444444444443,1,1,Bajo Extremo,-1.4193515104753858,-0.0412987441302911
100640011309464616,80050109.0,9.66638888888889,6,0,Alto Regular,0.26464957225380575,-0.026224856484517764
100640011310142103,11323042.0,2.0,2,1,Bajo Extremo,-1.1196348410949166,-0.044953209843761145
100640011315377791,120340213.0,5.0183333333333335,4,1,Bajo Extremo,-0.5289597898688319,0.11189545114575315
100640050013770458,9164830.0,5.262222222222222,2,1,Bajo Extremo,-0.6507333353213993,-0.07740298809795351
100650011316207673,66349865.0,5.063611111111111,2,1,Bajo Extremo,-0.6672271736832861,0.03186703166302029
100650050004681133,702429.0,5.333333333333334,4,1,Bajo Extremo,-0.5089148936906912,-0.11583541118977689
100650050012470742,797938351.0,8.495277777777778,6,0,Alto Regular,0.24782449354184954,1.3340195662098648
100660011307504270,2461692808.0,17.415833333333335,20,0,Alto Regular,2.8164158800593526,4.231926587890624
100660011309954423,4094457.0,6.99,9,0,Alto Regular,0.06359506841677572,-0.178622476174337
100670011306018554,3349229.0,8.999444444444444,7,0,Alto Regular,0.2191745855569352,-0.17561285592328002
100670011306484249,29939427.0,8.395277777777778,6,0,Alto Regular,0.0711793780770623,-0.10939996050937308
100670011306701123,78149542.0,4.2122222222222225,15,1,Bajo Extremo,0.07970893624337147,-0.08087814358738887
100670011310564241,1081750.0,5.333055555555555,8,1,Bajo Extremo,-0.24212453312327967,-0.15891815003261311
100670011315309641,363763755.0,1.9994444444444444,4,1,Bajo Extremo,-0.9118784646697086,0.5959482707033713
100670050009100740,2512753.0,10.377777777777776,4,0,Alto Regular,0.21724515010917345,-0.15633265953815648
100680050010505142,950193.0,14.01638888888889,10,0,Alto Regular,1.1405513378400804,-0.2566357227908224
100680050010590196,1504831.0,5.0025,3,1,Bajo Extremo,-0.6230320931084844,-0.10049756017194866
100680050012416680,348.0,0.6663888888888889,1,1,Bajo Extremo,-1.3805900144781083,-0.043690513435011645
100690011306658986,1110245.0,5.889166666666666,16,0,Alto Regular,0.37139324111874483,-0.25130139511099364
100690011307005840,8569691.0,9.969999999999999,10,0,Alto Regular,0.5599804119898769,-0.20709092327591408
100690011307820409,2692706.0,5.333333333333333,2,1,Bajo Extremo,-0.6418694948513842,-0.09019326796590835
100690011308137275,364521.0,1.3230555555555554,4,1,Bajo Extremo,-1.0859714604749915,-0.08156949109783773
100690050004434506,164456.0,0.013055555555555556,2,1,Bajo Extremo,-1.4078671822555966,-0.04864556961976751
100700011307276730,22034643.0,17.33277777777778,13,0,Alto Regular,1.8222193470070713,-0.2786959107000244
100700050001872914,121606671.0,11.998888888888889,14,0,Alto Regular,1.1425219199493921,-0.05597078801721918
100700050011398732,1455690.0,8.0,3,0,Alto Regular,-0.19177233372560934,-0.12667717064923076
100700050016344392,6832176.0,5.333055555555555,6,1,Bajo Extremo,-0.3742847162376753,-0.12620471442516784
100710011306158025,7157199.0,1.6658333333333333,5,1,Bajo Extremo,-0.9685310993581399,-0.08272807550756335
100710011306801152,1278483.0,0.67,2,1,Bajo Extremo,-1.3131128781045232,-0.05226792084319234
100710011308342582,168294951.0,5.532777777777778,14,1,Bajo Extremo,0.22206374082099173,0.08810511292175852
100710050005254100,37544232.0,4.6675,2,1,Bajo Extremo,-0.7303041511040917,-0.0188571570979639
100710050007939023,6209347.0,1.3330555555555557,2,1,Bajo Extremo,-1.2166729333057524,-0.048765557797146926
100710050009208428,5776340.0,8.0,3,0,Alto Regular,-0.1908594969386271,-0.118551806617885
100720011307388557,44434439.0,9.33361111111111,4,0,Alto Regular,0.07587091009483878,-0.06840785898713365
100720011309909419,1497145.0,9.14611111111111,16,0,Alto Regular,0.8400731116180534,-0.2789189329831563
100720011310969012,7560580.0,7.745833333333333,5,0,Alto Regular,-0.09367608079662249,-0.13488362856654817
100720011311881917,15904126.0,1.4022222222222223,9,1,Bajo Extremo,-0.7378603969457165,-0.10778300607653558
100720012314339730,4347789.0,6.0,4,1,Bajo Extremo,-0.4122269867794208,-0.11478197942770837
100730011306201990,14141754.0,0.7102777777777778,7,1,Bajo Extremo,-0.9711624532899839,-0.08317606894568423
100730011308216765,5168560.0,14.238333333333333,2,0,Alto Regular,0.6398748074945159,-0.16303728408995652
100730012314221666,1222173.0,1.544722222222222,4,1,Bajo Extremo,-1.0538976129668036,-0.08188576234006467
100740011307981883,14335648282.0,2.3094444444444444,2,3,Alto Extremo,1.9512304732840355,26.890512791338217
100740011308325129,6464934.0,10.013333333333332,11,0,Alto Regular,0.6324579332597721,-0.22237585984075592
100740011310454707,4848162.0,12.33222222222222,10,0,Alto Regular,0.8990626811314206,-0.2346479710751939
100740011315398748,1224983.0,10.66638888888889,6,0,Alto Regular,0.39187256061858217,-0.18316545435532108
100740050002039041,27185925.0,1.0,1,1,Bajo Extremo,-1.326847599375037,0.004530953435243324
100740050003718926,5048941.0,4.039444444444444,3,1,Bajo Extremo,-0.7608444878379268,-0.08545109049761007
100750011308462226,93980288.0,11.999444444444443,8,0,Alto Regular,0.7366398629505022,-0.04223172239845946
100750011315498455,33385208.0,0.5922222222222222,3,1,Bajo Extremo,-1.250832449834195,-0.0021611149645379187
100750011315705822,164098.0,0.0044444444444444444,2,1,Bajo Extremo,-1.409106195375174,-0.048571300502583896
100750050012607162,99561391.0,10.706666666666667,9,0,Alto Regular,0.6185060604763533,-0.031434565739244635
100750050015082035,39509365.0,15.341388888888888,22,0,Alto Regular,2.139584918278756,-0.3270487569780862
100760011306062307,171732.0,0.9291666666666667,1,1,Bajo Extremo,-1.3427462295427124,-0.04565516164825436
100760011306099423,11427405.0,1.7755555555555556,4,1,Bajo Extremo,-1.0185300050395356,-0.06470286094281785
100760011312490647,1424402483.0,11.332222222222223,13,0,Alto Regular,1.2551622423662023,2.4108034470125173
100760011312734760,542999.0,10.889722222222222,4,0,Alto Regular,0.2904858259272217,-0.16449240059355064
100760050009347273,15347232.0,7.003611111111111,6,0,Alto Regular,-0.1321318427512047,-0.12473021871279429
100760050014337167,4583195.0,13.248333333333335,11,0,Alto Regular,1.0975012092418572,-0.2540687916114235
100770011305857820,9778128.0,6.0,3,1,Bajo Extremo,-0.47776724914235974,-0.09362012144925363
100770011307458298,4134656.0,6.66611111111111,4,1,Bajo Extremo,-0.3164342067991953,-0.12097994963791195
100770011315504477,43413926.0,7.333055555555555,6,0,Alto Regular,-0.07880275727516989,-0.07481547104602186
100770050013303014,2412636.0,10.666666666666666,4,0,Alto Regular,0.2587883523843325,-0.159035133966731
100780011306023794,44434905.0,0.4880555555555556,8,1,Bajo Extremo,-0.9300473614293391,-0.035222751410968
100780011306243166,21144308.0,12.666944444444445,6,0,Alto Regular,0.6839141301307902,-0.16311620821638168
100780011313645433,264825961.0,3.972777777777778,15,1,Bajo Extremo,0.08469817241943647,0.2722672355307622
100780050011500576,240116947.0,3.5322222222222224,8,1,Bajo Extremo,-0.4507206414636815,0.30628128026401413
100790011305961085,1414737.0,8.351111111111111,3,0,Alto Regular,-0.14126430922947414,-0.12980990099380982
100790011308416846,1136593207.0,11.53,19,0,Alto Regular,1.6229367819681761,1.8021336656335125
100790011308874682,2269931.0,14.184444444444445,11,0,Alto Regular,1.2316969731739662,-0.266566049557717
100790011313428831,165238.0,0.009166666666666667,2,1,Bajo Extremo,-1.4084265371940825,-0.04861025405938022
100790012314615774,31343844.0,6.666388888888889,4,1,Bajo Extremo,-0.31064567367078433,-0.06981308531324461
100790050013159668,620034.0,7.999444444444444,6,0,Alto Regular,0.0080338227532263,-0.16109273783404446
100800011308008851,28330240.0,8.661666666666665,3,0,Alto Regular,-0.09089610867548222,-0.08189567999407535
100800050002535180,3021105.0,12.649444444444445,8,0,Alto Regular,0.8109424385520851,-0.21894544180971934
100800050014637893,7439731.0,5.963888888888889,84,2,Bajo Regular,4.918234432833431,-0.9846230946956122
100810011307383082,2513368.0,11.001111111111111,7,0,Alto Regular,0.5069910070803805,-0.19460524065008897
100810011309817393,29546477.0,9.481666666666666,19,0,Alto Regular,1.0943404144268765,-0.2619388982399543
100810050003876467,79948705.0,11.813333333333333,8,0,Alto Regular,0.706898332051152,-0.06699963170234612
100820011309358228,3005294.0,7.149722222222222,13,0,Alto Regular,0.35309543569439017,-0.22585930645573296
100820050016626241,88065274.0,3.2391666666666667,10,1,Bajo Extremo,-0.3916338052526528,0.0009858827407752471
100830011305673309,14021637.0,10.666666666666666,4,0,Alto Regular,0.2612410211200351,-0.13720338199301013
100840011307844332,7437207.0,1.3330555555555557,2,1,Bajo Extremo,-1.216413519611687,-0.04645645859227541
100840050004484952,154524.0,3.156111111111111,1,1,Bajo Extremo,-1.0223446455189995,-0.06506858612670952
100850050002578880,44942411.0,13.692222222222222,9,0,Alto Regular,1.0365181588198333,-0.1601336270931389
100850050012656311,6060682.0,2.0169444444444444,7,1,Bajo Extremo,-0.7848709940601303,-0.10974513870261084
100860011306581146,159994.0,0.7174999999999999,6,1,Bajo Extremo,-1.0397648596347246,-0.09858323298110479
100860011309775685,39286574.0,5.624722222222222,11,1,Bajo Extremo,0.007973766585774577,-0.12245785107368297
100860050010528941,35922644.0,1.2525,12,1,Bajo Extremo,-0.555109910561022,-0.10168226148933786
100870011307544888,129293439.0,11.552777777777777,4,0,Alto Regular,0.41308550685859813,0.0718636139185668
100870011311804756,1454812.0,1.3736111111111111,3,1,Bajo Extremo,-1.1451548958971425,-0.06900946102736105
100870050008921684,12131067.0,1.3333333333333333,2,1,Bajo Extremo,-1.215381867894492,-0.03763165768055574
100870050013150768,1746724.0,6.42,6,1,Bajo Extremo,-0.21897325201499315,-0.14522801699802212
100880011306662184,2336080.0,11.759722222222223,9,0,Alto Regular,0.7494750396611867,-0.22344007874614066
100880011308148566,494075.0,0.4838888888888889,6,1,Bajo Extremo,-1.0733054522966055,-0.09592185023249268
100880011308713601,527879836.0,3.3391666666666664,2,1,Bajo Extremo,-0.8178255640575299,0.9148227293639656
100880011310631436,1689.0,0.015833333333333335,1,1,Bajo Extremo,-1.4741894597784684,-0.03802621655270682
100880050012155266,137008444.0,2.038333333333333,3,1,Bajo Extremo,-1.020878089673919,0.18012605209201063
100890011306167187,1856862241.0,12.332222222222223,12,0,Alto Regular,1.4237183873068944,3.2263288685393485
100890050007948672,134566032.0,11.749722222222221,4,0,Alto Regular,0.44253516274801796,0.0800651863837814
100890050008787578,3155953.0,0.5563888888888888,4,1,Bajo Extremo,-1.1956871079843676,-0.06964766838281757
100900011308459068,360834509.0,2.4883333333333333,14,1,Bajo Extremo,-0.17528219382992144,0.47668851484691915
100900011308824401,152356558.0,3.917222222222222,8,1,Bajo Extremo,-0.4138695489055439,0.13788946649810582
100900011309329738,88511459.0,2.1566666666666667,1,1,Bajo Extremo,-1.1474738883307702,0.10979258566152658
100900011309824512,334784230.0,13.333055555555555,6,0,Alto Regular,0.8460155938300763,0.42091421874166174
100900011312002201,30697937.0,12.125833333333333,31,2,Bajo Regular,2.275267983844931,-0.4141811268642329
100900050015109978,784024924.0,14.4725,11,0,Alto Regular,1.4383051709394299,1.2010863355780668
100910011305109662,1987755.0,0.059166666666666666,4,1,Bajo Extremo,-1.2674725649674934,-0.06751725055871857
100910011305837337,132848384.0,14.704444444444444,19,0,Alto Regular,1.8676008874128756,-0.11312429078007166
100910011309531680,20070846.0,9.333333333333332,5,0,Alto Regular,0.13737112092399648,-0.1251729562686984
100910011310508113,320.0,0.33361111111111114,1,1,Bajo Extremo,-1.42846895928519,-0.040794406199950305
100910050005866663,37383.0,0.3252777777777778,7,1,Bajo Extremo,-1.0295348216341993,-0.10634993556714116
100910050006367818,23528361.0,17.50861111111111,15,0,Alto Regular,1.9812083264290667,-0.2993163683348328
100920011311615693,61439332.0,2.2872222222222223,5,1,Bajo Extremo,-0.8676594215598072,0.013946333174330233
100920011314629055,1342148.0,0.06138888888888889,7,1,Bajo Extremo,-1.067226599009053,-0.10159958876657679
100920050015324908,387383.0,5.666388888888889,4,1,Bajo Extremo,-0.46106254979478456,-0.11932646041267875
100930011307109779,7456132.0,0.6469444444444444,34,2,Bajo Regular,0.818876625262913,-0.39083767791077906
100930011315387995,137.0,0.6666666666666666,1,1,Bajo Extremo,-1.380550093331431,-0.0436933277348882
100930050011472685,4941108.0,8.0,3,0,Alto Regular,-0.19103595892820385,-0.12012253418217023
100940011305162988,7563831.0,9.999722222222221,5,0,Alto Regular,0.23060650101451427,-0.15449307517443628
100940011305838731,40833825.0,11.147499999999999,4,0,Alto Regular,0.3360863836013609,-0.09096537886417319
100940011307599175,13692466.0,11.4025,6,0,Alto Regular,0.500415775446913,-0.16612561483827468
100940011308332368,815057.0,0.6663888888888889,1,1,Bajo Extremo,-1.3804178884447833,-0.04215838118532383
100940011311644356,407352937.0,11.001944444444444,11,0,Alto Regular,0.8593927698419455,0.5229255787903393
100940011311748845,40882165.0,2.4202777777777778,4,1,Bajo Extremo,-0.919546560465025,-0.014921590195006763
100940050009841956,2884208.0,5.332777777777778,5,1,Bajo Extremo,-0.4418463275967525,-0.1226771737878
100940050015583968,3115196.0,12.413055555555555,8,0,Alto Regular,0.7769514852245555,-0.21671120650058326
100950011306221584,82669730.0,19.524722222222223,21,0,Alto Regular,2.6838998153602707,-0.2713397376421287
100950011310547435,127668105.0,13.332222222222223,16,0,Alto Regular,1.4690131118016996,-0.07807495691196122
100950011313507826,1767286.0,10.666666666666666,4,0,Alto Regular,0.2586520073389159,-0.16024877165495593
100950050001902176,4365663.0,6.043611111111111,4,1,Bajo Extremo,-0.4059485916156612,-0.11512791262216268
100950050005660357,910309138.0,8.231111111111112,6,0,Alto Regular,0.23355800466627863,1.5476417969668734
100960011306579848,160995694.0,6.666388888888888,5,1,Bajo Extremo,-0.21656618887944074,0.16305904691256423
100960011307839500,20433001.0,1.3341666666666665,4,1,Bajo Extremo,-1.0801329030262459,-0.043925641344272875
100960011308105967,140878819.0,4.194444444444445,15,1,Bajo Extremo,0.09040413380980897,0.03724452333471613
100960050009978676,187352761.0,1.2063888888888887,4,1,Bajo Extremo,-1.0632514943576377,0.27109376184329215
100970011307168973,51708.0,0.3333333333333333,1,1,Bajo Extremo,-1.4284980681123673,-0.04069534903035917
100970050011174753,45199198.0,15.337777777777777,9,0,Alto Regular,1.2733293675739754,-0.17397196119298874
100980011310832045,4261510.0,0.35750000000000004,6,1,Bajo Extremo,-1.0906938999197402,-0.0877368953224301
100980011313678169,247407.0,0.0022222222222222222,3,1,Bajo Extremo,-1.3427207737335964,-0.059344916349806084
100980012316005199,43118857.0,10.165555555555555,8,0,Alto Regular,0.46204049633556493,-0.1219208298816687
100980050008274669,1305055.0,13.035555555555556,40,2,Bajo Regular,3.000133729613666,-0.5759209684318338
100980050008887568,165547.0,0.04833333333333333,2,1,Bajo Extremo,-1.4027913046455327,-0.04895053985633504
100980050009231498,76684.0,5.921111111111111,10,1,Bajo Extremo,-0.02435434302793018,-0.18782535540562387
100990011315727845,237127341.0,7.684166666666666,8,0,Alto Regular,0.14601543127399585,0.2645247533017114
100990050004967203,416633.0,7.999722222222221,4,0,Alto Regular,-0.12534427766481024,-0.13957841738464402
100990050014536626,327884.0,0.4602777777777778,4,1,Bajo Extremo,-1.2101127436199652,-0.07412964845750539
101000011310238581,2339796110.0,11.180555555555555,7,0,Alto Regular,1.0266136562076487,4.199299739879609
101000050009569910,4435758.0,1.3008333333333333,6,1,Bajo Extremo,-0.9549334829501418,-0.095619022083459
101010011306963773,996077.0,0.8777777777777778,14,1,Bajo Extremo,-0.4830276223657057,-0.18600280605582942
101010011308367603,5395163.0,10.829444444444444,4,0,Alto Regular,0.28283839489692375,-0.15484288095410537
101010011313867549,2824079.0,10.66611111111111,8,0,Alto Regular,0.5255455337385052,-0.20205504705502433
101020011307345171,48265652.0,11.4825,7,0,Alto Regular,0.585917832350796,-0.1127535487284237
101020011307931448,164282.0,0.0011111111111111111,2,1,Bajo Extremo,-1.4095857452043579,-0.04854194452549842
101020011310266675,3871994.0,3.3330555555555557,2,1,Bajo Extremo,-0.9294135308879221,-0.07056712590433778
101030011306107261,36424556.0,1.336111111111111,10,1,Bajo Extremo,-0.6763492797838595,-0.07956678635355348
101030011311609545,24938059.0,7.075,7,0,Alto Regular,-0.05314682183966758,-0.11826474339258945
101030011312003459,15973766.0,9.37638888888889,7,0,Alto Regular,0.2760752988651135,-0.1551518404979121
101030011314521104,164686.0,0.03666666666666667,2,1,Bajo Extremo,-1.4044700470135756,-0.048850624221994564
101030011315780337,25337070.0,5.171388888888889,6,1,Bajo Extremo,-0.39363518345720055,-0.08999764393138142
101030050008356834,2323104.0,10.999722222222221,7,0,Alto Regular,0.5067509808035003,-0.19495096143221774
101030050012098929,1983132.0,15.006944444444445,14,0,Alto Regular,1.5500375323498794,-0.3071124825307374
101040011307096597,6482500.0,6.813055555555556,7,0,Alto Regular,-0.09473366252518499,-0.15069235406323794
101040011309209352,504866.0,2.5102777777777776,3,1,Bajo Extremo,-0.9818158459940393,-0.08068831095406803
101040011310546474,5316589.0,10.403055555555556,4,0,Alto Regular,0.22147440601792745,-0.15127979034818584
101040011310561104,329690.0,0.015000000000000001,4,1,Bajo Extremo,-1.2741774196927504,-0.07025100645040523
101040011311732450,80143377.0,8.929444444444444,17,0,Alto Regular,0.8922032195803924,-0.1400817248062618
101040050002280879,42220656.0,8.463333333333333,8,0,Alto Regular,0.21694076614848373,-0.10879556234420809
101050011306060224,17669349.0,14.700277777777778,19,0,Alto Regular,1.8426671786187347,-0.32969237911396815
101050011309197586,181136.0,0.6677777777777777,4,1,Bajo Extremo,-1.1802893507256504,-0.07621149035057886
101050011312012479,5599740.0,14.666666666666668,6,0,Alto Regular,0.9683432385843936,-0.20975269342222652
101050050014603910,246181.0,1.1258333333333335,3,1,Bajo Extremo,-1.1810596739764734,-0.06912599220258489
101070011310781321,199268985.0,5.999722222222222,3,1,Bajo Extremo,-0.43777290867149593,0.2627365931399023
101070011315462511,182209.0,0.34888888888888886,3,1,Bajo Extremo,-1.2928573231564648,-0.06248456162702802
101070050003936165,7047222.0,11.333055555555555,6,0,Alto Regular,0.4890203833369669,-0.17801820931812223
101070050015255122,14735395.0,11.846944444444444,12,0,Alto Regular,0.9647065576630532,-0.23373004237899533
101080011308227318,77421448.0,3.277222222222222,3,1,Bajo Extremo,-0.8552200796813701,0.05728541093939764
101080050003503981,134733282.0,3.3338888888888887,4,1,Bajo Extremo,-0.7682710807987069,0.15362258309313576
101080050015350781,11783149.0,0.4291666666666667,3,1,Bajo Extremo,-1.2788562628852342,-0.04136662534361088
101090011305690554,68326968.0,10.66611111111111,8,0,Alto Regular,0.5393845271151532,-0.07887107746021
101090011306369732,98559342.0,9.466111111111111,14,0,Alto Regular,0.7732451579299626,-0.07727060019073431
101090011306919986,205766243.0,11.670555555555556,13,0,Alto Regular,1.0463755333568234,0.11610582788464627
101090011307751295,6319213.0,7.999166666666667,5,0,Alto Regular,-0.05748960669548442,-0.13942288498927607
101090011313461061,3982333.0,0.15055555555555555,8,1,Bajo Extremo,-0.987152254826659,-0.10836012950655471
101090011315825733,1254869.0,5.333333333333334,4,1,Bajo Extremo,-0.508798178021845,-0.11479649896465413
101090050005508625,232648966.0,5.521388888888889,16,0,Alto Regular,0.3673965063770493,0.18732838929283382
101090050006421904,3128378.0,11.666944444444445,6,0,Alto Regular,0.5362312391108561,-0.18829377154353275
101100011305735675,7713498.0,8.428888888888888,21,0,Alto Regular,1.0716326891206462,-0.31573468673271177
101100011307542217,6209887.0,7.876944444444445,6,0,Alto Regular,-0.008410076955822254,-0.14951440981438904
101100011315388291,111907925.0,0.6811111111111111,3,1,Bajo Extremo,-1.221453685945371,0.14473419278105742
101100050007855488,87772287.0,6.161666666666667,5,1,Bajo Extremo,-0.3046540422762115,0.029748550904248265
101110011315472748,8924333.0,1.0994444444444444,3,1,Bajo Extremo,-1.1830229584711396,-0.052576298603311325
101110050004394716,14824843.0,1.9627777777777777,13,1,Bajo Extremo,-0.39068740070437064,-0.1584897024919018
101110050009024703,23969838.0,8.669444444444444,4,0,Alto Regular,-0.02401075718011441,-0.10111311680141546
101110050012145091,548310518.0,14.782222222222222,16,0,Alto Regular,1.7665045920012683,0.7003609345034972
101120050003535691,1181949.0,9.806666666666667,18,0,Alto Regular,1.0684201069331916,-0.30715974326189194
101120050014506326,592905.0,6.666388888888889,5,1,Bajo Extremo,-0.25045497101494096,-0.13859256853144195
101130011307007539,16499505.0,12.6675,12,0,Alto Regular,1.0831380190076298,-0.23755376007796908
101130011309947336,82076.0,0.0011111111111111111,1,1,Bajo Extremo,-1.476290659614071,-0.03774691442344535
101130011311702480,2008729.0,8.135277777777777,4,0,Alto Regular,-0.10550463679084314,-0.13776407812255703
101130011315569429,529435.0,9.226666666666667,10,0,Alto Regular,0.45133344193609437,-0.2157421164084743
101130050010281115,82894.0,0.004166666666666667,1,1,Bajo Extremo,-1.475850863814603,-0.03777196855527363
101140011307270708,260.0,0.33361111111111114,1,1,Bajo Extremo,-1.4284689719615715,-0.04079451903525099
101140011314806619,2444872.0,12.759166666666667,11,0,Alto Regular,1.0266697970505232,-0.25383288693152495
101140012314656596,764786.0,5.333611111111111,2,1,Bajo Extremo,-0.6422368466126716,-0.09382130934307684
101140050005679429,2230517.0,0.9552777777777778,28,2,Bajo Regular,0.46200926985350715,-0.33765057435514517
101150050011567374,524.0,0.37583333333333335,1,1,Bajo Extremo,-1.4223941259421724,-0.04116148191177554
101160011305145271,11724643.0,12.656944444444445,12,0,Alto Regular,1.0806105219174782,-0.2464414450645567
101160011305374575,36915606.0,10.66638888888889,4,0,Alto Regular,0.26603793343468196,-0.09414683323291709
101160011306431957,62006793.0,2.245277777777778,2,1,Bajo Extremo,-1.073636996375662,0.04822741281563181
101160011308376274,15746293.0,8.718055555555555,11,0,Alto Regular,0.4480586570296053,-0.19364866166655437
101160011310089353,10357522.0,5.68,2,1,Bajo Extremo,-0.5903729008483589,-0.07879593901068854
101160011310463311,8069292.0,10.10388888888889,8,0,Alto Regular,0.44576307776863294,-0.18729794925263885
101160050002252222,33970666.0,1.1583333333333334,14,1,Bajo Extremo,-0.43569559872643665,-0.12643284900574497
101160050011870195,13140694.0,12.000277777777779,7,0,Alto Regular,0.6529929882213606,-0.1833153474014225
101170011306919826,21214.0,2.4680555555555554,8,1,Bajo Extremo,-0.6545550863595908,-0.135978530653861
101170011308768802,25114092.0,11.620277777777776,8,0,Alto Regular,0.6675370785225314,-0.16844080625755978
101170050004297744,59376723.0,1.263611111111111,27,2,Bajo Regular,0.45175713011696356,-0.22191587992939807
101180011309765042,49453877.0,13.893055555555556,12,0,Alto Regular,1.2664291687597828,-0.18624614337577247
101180011315376188,9683773.0,0.5911111111111111,18,1,Bajo Extremo,-0.25568658906436526,-0.2109684736069694
101180050012515018,1967261.0,15.999444444444444,10,0,Alto Regular,1.4260815296807319,-0.2719815386224517
101180050016223414,140626876.0,2.7733333333333334,3,1,Bajo Extremo,-0.9143643035025013,0.1805341394201178
101190011308145929,5783743.0,11.5225,4,0,Alto Regular,0.3826349759543055,-0.16014377379605624
101190011308206072,2992859.0,2.6669444444444443,1,1,Bajo Extremo,-1.092124624130055,-0.05547363641666291
101190011314156098,390878675.0,12.121944444444445,5,0,Alto Regular,0.616928728058568,0.5478946853644817
101190011315825462,18883.0,0.12027777777777778,3,1,Bajo Extremo,-1.3257836214437853,-0.060802111608412215
101190050015364421,37801632.0,1.3366666666666667,5,1,Bajo Extremo,-1.0094161418217256,-0.02223377953214709
101200011305514180,1742356.0,10.183055555555555,6,0,Alto Regular,0.3224415055804189,-0.1779860461413208
101200011305567315,676362885.0,10.677222222222222,17,0,Alto Regular,1.2696326609220874,0.9659508496262544
101200011307545441,3670787.0,10.190555555555555,7,0,Alto Regular,0.3906155521097826,-0.18537435941162564
101200011313550656,3676026.0,8.0,3,0,Alto Regular,-0.1913032366267328,-0.12250163264640662
101210011311774514,2205972.0,10.418055555555554,9,0,Alto Regular,0.556413098224126,-0.21200825393038564
101210050008649196,203409.0,0.014722222222222223,2,1,Bajo Extremo,-1.4076191581858202,-0.048586820036393065
101220011305831786,11163128.0,4.836666666666666,2,1,Bajo Extremo,-0.711538639998641,-0.06994140870269533
101220011306385437,257285692.0,10.66638888888889,4,0,Alto Regular,0.3125961876906942,0.32027858200992243
101220011309066581,4365548.0,3.5152777777777775,7,1,Bajo Extremo,-0.5696540079574396,-0.1259729599447589
101220050004591607,5759148.0,10.580277777777777,14,0,Alto Regular,0.9139415045233769,-0.26148613880556776
101230011306041752,332.0,0.33361111111111114,1,1,Bajo Extremo,-1.4284689567499138,-0.040794383632890195
101230011310691381,44492165.0,2.0,2,1,Bajo Extremo,-1.1126271002072403,0.017424256272560175
101230011311985428,9544305.0,10.372222222222222,5,0,Alto Regular,0.2846189593507325,-0.1540104806348984
101230050001377472,650724594.0,7.998888888888889,8,0,Alto Regular,0.2786785399827699,1.0395919040072938
101230050004926109,21982945.0,11.003333333333334,17,0,Alto Regular,1.1782995942685044,-0.267506578509498
101230050013963454,10702376.0,0.3441666666666667,9,1,Bajo Extremo,-0.891188834003884,-0.1083571152405491
101240011306620038,70676209.0,8.205,7,0,Alto Regular,0.11909698583832944,-0.04208448424977133
101240011308460948,399462.0,0.7680555555555555,5,1,Bajo Extremo,-1.0991280510041543,-0.08762325072779494
101240011313526129,61859749.0,6.6722222222222225,4,1,Bajo Extremo,-0.3033592059397575,-0.012475997454012209
101240050001373498,1617986.0,7.748055555555556,4,0,Alto Regular,-0.16129941129298161,-0.13512891579835432
101240050006304978,840879633.0,11.33388888888889,8,0,Alto Regular,0.7986816676896877,1.3681708002241637
101250011306655335,8417495.0,12.543333333333333,11,0,Alto Regular,0.9968782826207402,-0.24072244754394298
101250011306737118,32288017.0,10.665833333333333,10,0,Alto Regular,0.6651055962642002,-0.16854234266379614
101250011310007480,1985906.0,5.638611111111111,3,1,Bajo Extremo,-0.5314089440362635,-0.10512892136911342
101250011316056314,4262045.0,0.48194444444444445,3,1,Bajo Extremo,-1.2728517814597344,-0.05597005005477948
101260011306919967,157868958.0,10.0,9,0,Alto Regular,0.5291520712972855,0.08436807431828386
101260011307568122,1383276.0,10.666666666666666,4,0,Alto Regular,0.2585708763853397,-0.16097093638518797
101260011308918574,141850562.0,4.876111111111111,18,1,Bajo Extremo,0.3887479662391824,0.00029056011622829276
101260050003726709,19074093.0,10.665833333333333,7,0,Alto Regular,0.4622512110958027,-0.1605434168828482
101260050004021587,6311489.0,16.705555555555556,14,0,Alto Regular,1.795342407535862,-0.3137556112296741
101260050013941551,228979390.0,5.9991666666666665,5,1,Bajo Extremo,-0.2982007400429173,0.2967152179944091
101270011307513723,455258.0,2.466111111111111,4,1,Bajo Extremo,-0.9214933306469005,-0.09134684710618546
101270050015148185,2264142.0,10.992222222222223,19,0,Alto Regular,1.3059100071357976,-0.32639208126749597
101270050016710808,132387233.0,8.86361111111111,6,0,Alto Regular,0.16020604858464932,0.07918629157936717
101280011305778496,171959903.0,11.333333333333332,6,0,Alto Regular,0.5239019497141598,0.1321122389610136
101280050002346553,740824122.0,10.588611111111112,8,0,Alto Regular,0.6703145964695945,1.186493713478038
101280050006858974,124411706.0,10.666666666666666,4,0,Alto Regular,0.28456346471086236,0.0703948951343614
101290011314515612,5905104.0,0.25,10,1,Bajo Extremo,-0.8390632025336876,-0.12750890374296697
101290050007662170,12297792.0,0.5772222222222222,10,1,Bajo Extremo,-0.7906329756288619,-0.11833469917595134
101300011307401278,21787.0,1.1391666666666667,2,1,Bajo Extremo,-1.2458762740611058,-0.05871439899140229
101300050009724705,82036871.0,2.0,2,1,Bajo Extremo,-1.1046949166716074,0.08803039277976436
101310011309185019,598655.0,3.7655555555555558,3,1,Bajo Extremo,-0.8011909183455393,-0.09143659568406678
101310011309682203,4173483.0,12.480555555555556,9,0,Alto Regular,0.8535742904621235,-0.22625808151440324
101320011307980460,2946240.0,11.3325,11,0,Alto Regular,0.8215117575197459,-0.24047376201507206
101320011309357499,248197.0,0.024444444444444446,3,1,Bajo Extremo,-1.339523348805108,-0.05953683034388092
101320050008487055,3683445.0,10.333333333333332,4,0,Alto Regular,0.211097969701457,-0.1537442704900381
101320050011594082,112996.0,7.673055555555555,6,0,Alto Regular,-0.0390330279077102,-0.1592057100975324
101330011306378180,8123206.0,13.475555555555555,14,0,Alto Regular,1.3310037208492882,-0.28223787693932123
101330011308822687,369307034.0,4.999722222222222,8,1,Bajo Extremo,-0.21228733455616866,0.5364630221491059
101330011310057987,31039137.0,0.6666666666666666,2,1,Bajo Extremo,-1.3073048434698227,0.00372862814743158
101330011313621904,7756444.0,12.280277777777778,18,0,Alto Regular,1.425703904029758,-0.316323624120526
101330011314264910,27263552.0,10.024444444444445,12,0,Alto Regular,0.7051382956705934,-0.1943085468219133
101330050004677560,14266241.0,9.999444444444444,7,0,Alto Regular,0.36535766671072156,-0.16378543504661053
101330050007192617,520004661.0,8.956666666666667,9,0,Alto Regular,0.455550311849026,0.7744763705483576
101340011307090528,36037091.0,9.356666666666666,4,0,Alto Regular,0.07741393219604549,-0.08440046590804384
101340011307523007,420767383.0,7.316944444444444,14,0,Alto Regular,0.5321042082685783,0.5473742507770772
101340050001851578,28675.0,0.5388888888888889,1,1,Bajo Extremo,-1.3989282976530024,-0.04252761146622246
101340050002798702,24650375.0,9.720833333333333,10,0,Alto Regular,0.5275285711303997,-0.17468128269634128
101340050007618925,5497034.0,10.999444444444444,10,0,Alto Regular,0.7074442203629655,-0.2218285654142642
101350011313436300,6209895.0,6.559722222222222,4,1,Bajo Extremo,-0.3313026375662995,-0.11615137849530635
101350011313447783,505634140.0,9.760277777777777,14,0,Alto Regular,0.901572784182177,0.6857093923477452
101350050005522267,16721757.0,10.665555555555555,8,0,Alto Regular,0.5284018067321816,-0.17591440079894535
101350050012152631,255247.0,0.08305555555555555,2,1,Bajo Extremo,-1.3977766377947407,-0.04908403804879909
101350050017493821,82414.0,0.01861111111111111,1,1,Bajo Extremo,-1.4737727475108338,-0.03789858101594271
101360011306940430,115841329.0,10.101111111111111,13,0,Alto Regular,0.8015704770694708,-0.03934706637062014
101360011309215164,897155.0,9.410555555555556,35,2,Bajo Regular,2.1450571038803337,-0.49039161232735234
101360012313386896,171815.0,0.5833333333333333,2,1,Bajo Extremo,-1.3258159934873026,-0.05359484911581638
101360050007071645,609068.0,5.824999999999999,2,1,Bajo Extremo,-0.5715703775960972,-0.09839070075562925
101370011308377013,18954124.0,1.3502777777777777,8,1,Bajo Extremo,-0.8113771517758789,-0.09064551793639007
101370050002434240,9102450.0,2.0052777777777777,4,1,Bajo Extremo,-0.9859695505001094,-0.07107441319121052
101370050002805419,370908104.0,2.707222222222222,3,1,Bajo Extremo,-0.8752239349322375,0.6141736967755353
101380011306503897,66567.0,4.472777777777778,9,1,Bajo Extremo,-0.2994253186127071,-0.1642899328037289
101380011306567742,4058488.0,12.508333333333333,16,0,Alto Regular,1.3243593931464095,-0.3033634695772791
101380011310557190,148994.0,1.0,1,1,Bajo Extremo,-1.3325597735210337,-0.04631438387867411
101390011309244424,245416611.0,1.3399999999999999,4,1,Bajo Extremo,-1.0317606553769174,0.3791251459503131
101390050007780826,932.0,0.9752777777777778,2,1,Bajo Extremo,-1.2694604580781546,-0.057327296177185176
101400011307686439,153135885.0,2.7986111111111107,9,1,Bajo Extremo,-0.507959327357458,0.13814068935169208
101400011313671976,6219367.0,12.848888888888888,24,0,Alto Regular,1.907314279781224,-0.38986060146791385
101400012315726874,187571094.0,2.6666666666666665,2,1,Bajo Extremo,-0.986480641660585,0.2806948327500694
101400050007550357,10543090.0,7.746111111111111,15,0,Alto Regular,0.5738694738284127,-0.23877342999359874
101400050016976665,248110.0,0.0030555555555555557,3,1,Bajo Extremo,-1.3426007280328065,-0.05935084678340731
101410011306684582,6750616.0,5.3436111111111115,8,1,Bajo Extremo,-0.23940815710544106,-0.14834921154354808
101420011305728653,13300506.0,12.038333333333334,6,0,Alto Regular,0.5918145100501825,-0.17239637798518195
101420050005318673,165131.0,0.001388888888888889,2,1,Bajo Extremo,-1.4095456001082762,-0.048542765401729616
101430011306662464,9285625.0,5.954444444444444,5,1,Bajo Extremo,-0.3510505876876025,-0.11604909904511305
101430011307371783,1676015.0,6.665555555555556,10,0,Alto Regular,0.08309169623109182,-0.19129656073982215
101430011315631519,579418.0,0.02277777777777778,7,1,Bajo Extremo,-1.0729429790965292,-0.10269793800741606
101430012313370736,6149753.0,0.07222222222222222,2,1,Bajo Extremo,-1.3980899509789295,-0.03790461643398584
101430012314211864,33340860.0,4.987777777777778,2,1,Bajo Extremo,-0.6851117289598665,-0.02954934207284711
101430050001835533,53981212.0,2.3519444444444444,6,1,Bajo Extremo,-0.7932355606273878,-0.011592222624693548
101440011305826960,12018.0,0.008888888888888889,2,1,Bajo Extremo,-1.4084988741719573,-0.048895980309812896
101440011307119848,8016187.0,1.6711111111111112,17,1,Bajo Extremo,-0.16733971159123628,-0.21255411407571148
101440011307721403,166256.0,0.008888888888888889,2,1,Bajo Extremo,-1.4084662878434302,-0.04860592212470954
101440011309196602,1054059021.0,7.2588888888888885,9,0,Alto Regular,0.32411107801004074,1.793588509315491
101440011311138086,70543115.0,1.2694444444444444,31,2,Bajo Regular,0.7217057537405235,-0.24476576368282646
101440011311841158,9892829.0,10.666666666666666,6,0,Alto Regular,0.3937438083715011,-0.1668672216901681
101440011311848052,8646472.0,11.214166666666667,24,0,Alto Regular,1.6726287682895402,-0.3710692536882414
101440011313663836,582633.0,0.3825,8,1,Bajo Extremo,-0.9544991391100959,-0.11677217464131336
101450011309587505,2899213.0,11.562222222222221,6,0,Alto Regular,0.5211157442960845,-0.18781334067912497
101450011311872963,5406959.0,12.133055555555556,9,0,Alto Regular,0.8038377683339437,-0.22091413375985366
101450050004071755,326955888.0,6.666666666666667,4,1,Bajo Extremo,-0.248150857763649,0.4861090616778916
101450050010645145,271879312.0,16.333333333333336,10,0,Alto Regular,1.5311454664420354,0.23270608869635465
101450050016540182,3792212.0,5.333055555555555,4,1,Bajo Extremo,-0.5083020716210399,-0.11002238379671919
101460011305331501,20772818.0,8.66638888888889,8,0,Alto Regular,0.2416243617599682,-0.1508973058880152
101460011308300570,16866.0,0.46944444444444444,1,1,Bajo Extremo,-1.408922223897383,-0.04194544540002484
101460011308651351,151500580.0,15.693333333333333,17,0,Alto Regular,1.8804444822635216,-0.06475422170475698
101460011308660041,251364560.0,13.775,11,0,Alto Regular,1.2254144693948288,0.20544179517117112
101460050014335356,12093935.0,0.31472222222222224,19,1,Bajo Extremo,-0.22825573701161733,-0.2149801685313866
101470011306726010,23739620.0,10.823611111111111,4,0,Alto Regular,0.28587480355229,-0.12029374152037636
101470011311419307,363776.0,0.5913888888888889,4,1,Bajo Extremo,-1.1912413382740996,-0.07520320836795491
101480011306406004,6660.0,0.03277777777777778,2,1,Bajo Extremo,-1.4050629537983041,-0.0491139611354457
101480011307081829,1998714.0,9.332777777777778,5,0,Alto Regular,0.1334730355130738,-0.1591543620795442
101480011313444321,3146438.0,6.937777777777777,3,1,Bajo Extremo,-0.34424405777431977,-0.11425306597282942
101480050006390667,147894036.0,16.894166666666667,9,0,Alto Regular,1.518953975220358,0.0056095255984281115
101490011305552036,1051306.0,19.703055555555554,40,2,Bajo Regular,3.9593774233113432,-0.6344253159910428
101490011310287586,3891947.0,10.854444444444445,8,0,Alto Regular,0.5528679071823033,-0.20168588904949006
101490011310772699,8659242.0,0.5513888888888889,2,1,Bajo Extremo,-1.3286188875349876,-0.03735548081386091
101490011315807194,4236.0,0.0005555555555555556,1,1,Bajo Extremo,-1.476387036556754,-0.03788846442872185
101500011305507096,1272357.0,8.084166666666667,15,0,Alto Regular,0.6205491057135916,-0.2591499547303492
101510011305909267,45911928.0,5.399722222222222,6,1,Bajo Extremo,-0.3564364448247209,-0.053291987278451414
101510011305930714,29738219.0,10.645,7,0,Alto Regular,0.4615068238374883,-0.140307273641098
101510011306226395,44183610.0,1.3394444444444444,2,1,Bajo Extremo,-1.2077307842826077,0.02259279619569913
101510011308697818,371979.0,3.6658333333333335,7,1,Bajo Extremo,-0.5488363182483008,-0.13479350194857032
101510011309119122,28770495.0,7.869166666666667,6,0,Alto Regular,-0.004762669410103182,-0.10701950348059179
101510012314123590,183846413.0,6.344444444444444,6,1,Bajo Extremo,-0.19137117750349592,0.19788409454133826
101510050015068102,10598916.0,0.7527777777777778,28,2,Bajo Regular,0.4346422730754425,-0.32015070634087256
101510050016446709,88218900.0,0.6666666666666666,2,1,Bajo Extremo,-1.2952243020843075,0.11126022399552753
101520011306234887,9795032.0,9.655833333333334,13,0,Alto Regular,0.7151006976886,-0.23490125083839106
101520011306602422,494999.0,0.385,7,1,Bajo Extremo,-1.0208455087822133,-0.1060091098344176
101520011306917403,33086672.0,5.332777777777778,6,1,Bajo Extremo,-0.368777815224743,-0.07682839775696691
101520011308657583,110420399.0,16.731666666666666,9,0,Alto Regular,1.4876568573554705,-0.06344872437024383
101520011311328088,36051899.0,1.3663888888888889,8,1,Bajo Extremo,-0.8054468410979023,-0.05863185630448702
101530011306515385,7986.0,1.0005555555555556,3,1,Bajo Extremo,-1.1991345402577331,-0.06848364836647736
101540011311158044,211408376.0,8.095833333333333,5,0,Alto Regular,-0.0002517268372867214,0.245424116048078
101540011313678943,3666454.0,7.692222222222222,23,0,Alto Regular,1.0981636474437315,-0.3388335633130124
101540050009661299,6431289.0,11.224722222222223,2,0,Alto Regular,0.20655343445059138,-0.13443519941197915
101550011306715571,883744.0,0.6477777777777778,7,1,Bajo Extremo,-0.9829558013312572,-0.10756499148447717
101550011307992686,29707706.0,1.3280555555555555,3,1,Bajo Extremo,-1.1457402005189765,-0.015480928567430876
101550050006697942,3401508.0,0.8502777777777778,5,1,Bajo Extremo,-1.0866639449860782,-0.08269321674787665
101550050009213314,3566746.0,10.711944444444445,7,0,Alto Regular,0.4656092374131493,-0.19010765719976175
101560011305558234,6042663.0,9.283055555555556,6,0,Alto Regular,0.1938610945168741,-0.16206625273455247
101570011309944347,16818485.0,9.370833333333334,20,0,Alto Regular,1.1423925551907175,-0.29586005659496645
101580011305933631,143783624.0,5.901111111111111,3,1,Bajo Extremo,-0.4636833011004093,0.15924968093039396
101580011312489027,958106.0,11.738611111111112,6,0,Alto Regular,0.5460838763081366,-0.19299887367131638
101590011307245365,122824345.0,15.333055555555555,8,0,Alto Regular,1.222362503214884,-0.01700029131741623
101590011311616620,47386631.0,4.666111111111111,4,1,Bajo Extremo,-0.5950494533406936,-0.02223482027144103
101590050006582499,1585815.0,0.6666666666666666,1,1,Bajo Extremo,-1.3802150823468087,-0.0407113201697079
101590050012432243,459708.0,1.7752777777777777,11,1,Bajo Extremo,-0.5540743237686885,-0.16197354682561851
101590050017068078,106990479.0,2.8130555555555556,6,1,Bajo Extremo,-0.715693028566244,0.08408334413286785
101600011309542482,335672.0,7.8075,20,0,Alto Regular,0.9139830795560496,-0.3132517766086395
101600050003777057,329026.0,0.18222222222222223,4,1,Bajo Extremo,-1.250118193356464,-0.07170758759404111
101600050011395070,347887358.0,9.796944444444444,4,0,Alto Regular,0.20664515541657968,0.498229780749278
101610011305975853,27853337.0,6.825833333333333,53,2,Bajo Regular,2.979246981156477,-0.6142965962749491
101610011306894824,3476858.0,8.440555555555555,6,0,Alto Regular,0.07210296434857875,-0.1595592111454179
101610011306947192,98355012.0,4.155277777777778,7,1,Bajo Extremo,-0.4577155387079344,0.04521262039890326
101610011308925123,77823595.0,8.364166666666666,6,0,Alto Regular,0.07681984977408444,-0.01907879275252257
101610011314163101,75214390.0,1.5555555555555556,5,1,Bajo Extremo,-0.9700188438143513,0.04621923046431516
101620011305612178,2953785.0,11.237777777777778,8,0,Alto Regular,0.6078223997537736,-0.20678632968754854
101620011307651755,47902484.0,0.6663888888888889,2,1,Bajo Extremo,-1.3037820388959058,0.03544405946328769
101620011309732590,290421528.0,14.448888888888888,10,0,Alto Regular,1.2639354561366678,0.2839766550620132
101620011310361912,7110638.0,11.710833333333333,11,0,Alto Regular,0.8768249003125109,-0.23593487286596834
101620050013147864,8705682.0,10.666666666666666,4,0,Alto Regular,0.2601179032368597,-0.14720050500673557
101630011311703982,2509619.0,10.768888888888888,9,0,Alto Regular,0.6069539616787147,-0.2144905160356598
101630050007524708,23415077.0,9.999444444444444,8,0,Alto Regular,0.4339781154492872,-0.15752986644533876
101630050016765953,19007.0,2.6666666666666665,1,1,Bajo Extremo,-1.0927928845574428,-0.06106381033086441
101640050007029244,10122171.0,10.016944444444444,6,0,Alto Regular,0.30031243070752117,-0.16078140127190046
101640050009555389,4503333.0,8.865555555555556,6,0,Alto Regular,0.1334673905109594,-0.16132760270016872
101640050014306899,72901604.0,2.6719444444444447,4,1,Bajo Extremo,-0.8765727696833497,0.04310354245420499
101640050016304009,88811967.0,15.132222222222222,16,0,Alto Regular,1.719781757909759,-0.16681272952141254
101650011310417720,5299576.0,11.00611111111111,4,0,Alto Regular,0.3082364012237345,-0.15656016804019968
101650011310865374,61501034.0,12.965833333333334,35,2,Bajo Regular,2.669382386527188,-0.4073621917619018
101650011311722344,27342472.0,8.0,3,0,Alto Regular,-0.18630315503578498,-0.07799479013933314
101650011315757877,338560.0,10.66638888888889,4,0,Alto Regular,0.25831019035252034,-0.16293319962252967
101650050012552854,166072.0,0.005277777777777778,2,1,Bajo Extremo,-1.4089858811463716,-0.04857484070839906
101660011306223902,150241478.0,11.666666666666666,9,0,Alto Regular,0.7673349422495719,0.05551894991614008
101660011308148916,82440261.0,12.7275,32,2,Bajo Regular,2.4394530485222443,-0.33306103693566586
101660011311106564,82056130.0,16.049444444444443,43,2,Bajo Regular,3.650885012183415,-0.48314014394463883
101660011311876838,114497386.0,0.9997222222222222,2,1,Bajo Extremo,-1.2417534622895456,0.1577806610951102
101660050001490280,1767697.0,7.877777777777778,12,0,Alto Regular,0.390896584307319,-0.2235733475254361
101670011306620288,7673664.0,8.66638888888889,4,0,Alto Regular,-0.027893322103156697,-0.1317329192352369
101670011307171514,468029609.0,8.945277777777777,19,0,Alto Regular,1.1098062557496402,0.567335553394203
101670011311582335,9216509.0,2.999722222222222,2,1,Bajo Extremo,-0.9762432493892159,-0.05761529840448231
101680011305655103,99428359.0,19.315,26,0,Alto Regular,2.990704071478773,-0.292746574729296
101680011306317700,467170.0,8.66611111111111,10,0,Alto Regular,0.37066945339617274,-0.21098070484683157
101680011310785516,88929723.0,12.107222222222223,3,0,Alto Regular,0.41764178372758615,0.002080384320668408
101680011311020040,189618.0,0.9997222222222222,2,1,Bajo Extremo,-1.2659036099914494,-0.05718519510953892
101680050008218364,7101264.0,2.1036111111111113,11,1,Bajo Extremo,-0.5054316548680257,-0.15234099398138792
101680050010409181,14929902.0,1.4419444444444443,10,1,Bajo Extremo,-0.6656635789799737,-0.12091044801376047
101690011307663268,67279320.0,8.332777777777778,8,0,Alto Regular,0.20345109496106456,-0.06053430789726754
101690011309725776,1298419.0,4.235277777777778,2,1,Bajo Extremo,-0.8001485821324834,-0.08325898720344518
101690011310743876,203307981.0,10.645833333333332,4,0,Alto Regular,0.2982346898400482,0.2189476225164668
101690011310745242,16037863.0,6.8975,5,1,Bajo Extremo,-0.21394038461048573,-0.11155831698513045
101690011315825090,13621251.0,6.0,3,1,Bajo Extremo,-0.476955300928249,-0.08639278912836726
101690050014742355,285517553.0,7.139444444444444,23,0,Alto Regular,1.0781793878584323,0.19602314490970177
101690050017506453,280228278.0,9.849722222222223,10,0,Alto Regular,0.6000693838507574,0.3048338248161141
101700011305949965,27096559.0,10.667222222222222,6,0,Alto Regular,0.3974584238666731,-0.13451892255899983
101700011307749257,71845052.0,4.564722222222223,8,1,Bajo Extremo,-0.3377193525280283,-0.019154715856582044
101700011309048868,108772995.0,8.665833333333333,7,0,Alto Regular,0.1934489472323454,0.02554926204499486
101700050005426185,66231958.0,9.445277777777777,7,0,Alto Regular,0.2966049988919787,-0.0612364093416257
101700050005772244,12156436.0,0.6441666666666667,13,1,Bajo Extremo,-0.5809684610458756,-0.15203202533687796
101710011305893703,1312945.0,5.333333333333333,2,1,Bajo Extremo,-0.6421610011289219,-0.09278803042092174
101710011307839129,1495693.0,0.9063888888888889,3,1,Bajo Extremo,-1.212368608774068,-0.06486635286756212
101710011309899899,125017587.0,13.368611111111111,11,0,Alto Regular,1.140250906365656,-0.028628053373891786
101710011310004395,831884.0,0.7363888888888889,12,1,Bajo Extremo,-0.636779959086408,-0.16318182867333375
101720011305825525,11813452.0,12.9725,23,0,Alto Regular,1.8595933602825427,-0.369466590272823
101720050007085272,34388234.0,18.31138888888889,39,2,Bajo Regular,3.6995047866911883,-0.5486709983634793
101730011307792508,73865827.0,1.2491666666666668,4,1,Bajo Extremo,-1.0810735002850596,0.05729926214862269
101730011310174739,191697059.0,7.142222222222222,5,0,Alto Regular,-0.14161853127133128,0.2166545059011575
101740011307409101,23046747.0,1.870277777777778,2,1,Bajo Extremo,-1.1358219322064775,-0.02177677635591789
101740050006685243,21374391.0,1.6694444444444445,2,1,Bajo Extremo,-1.1650704752952499,-0.023173940140624946
101750011308293504,2709078.0,16.20722222222222,18,0,Alto Regular,1.989632990110697,-0.3599917790089023
101750011309541145,4809760.0,9.288333333333334,5,0,Alto Regular,0.1276724176537872,-0.15348114241791302
101750050006781927,1699654.0,6.702777777777778,4,1,Bajo Extremo,-0.311673181295214,-0.12587829545546111
101750050017309634,82034.0,0.04083333333333333,1,1,Bajo Extremo,-1.470575569771782,-0.03809269529838078
101760011305760025,665912793.0,1.7483333333333333,6,1,Bajo Extremo,-0.7507964466623902,1.1444523945659115
101760011315671134,8068130.0,10.7775,4,0,Alto Regular,0.2759295300871941,-0.14936405866564853
101760050006761979,122526837.0,7.335555555555556,4,0,Alto Regular,-0.19510373487858762,0.09584084132593433
101770011307070450,3921653.0,11.138333333333334,38,2,Bajo Regular,2.5943455494874432,-0.5325894773595713
101770011309528342,19766602.0,7.581666666666666,7,0,Alto Regular,0.018658071726290543,-0.1323996373738586
101770011311245910,1842678.0,12.857222222222223,8,0,Alto Regular,0.8405878312305519,-0.2229698647013569
101780011308478672,11653994.0,0.2111111111111111,7,1,Bajo Extremo,-1.043506458202929,-0.08351028156868767
101780011313718620,282683684.0,3.334722222222222,2,1,Bajo Extremo,-0.8702683479320235,0.453748383689594
101780050016349721,7802435.0,11.368611111111111,7,0,Alto Regular,0.5609830988065755,-0.18785702975428956
101790011308164193,102787234.0,10.759722222222223,16,0,Alto Regular,1.09363387310531,-0.10247720490989196
101790011315836793,1659400.0,8.471666666666666,6,0,Alto Regular,0.07619514573459767,-0.16324786099953692
101800011306204929,31000416.0,16.66611111111111,11,0,Alto Regular,1.594820739289462,-0.2341337412343354
101800011310785612,51918944.0,2.333333333333333,2,1,Bajo Extremo,-1.06309915181448,0.02848997541530291
101800050003706918,348.0,0.5955555555555555,1,1,Bajo Extremo,-1.3907812744257848,-0.04307405202237271
101800050006908478,72399336.0,13.368055555555555,6,0,Alto Regular,0.7956164254615208,-0.07282835919172925
101810011305326069,184177724.0,10.106944444444444,6,0,Alto Regular,0.350034568558446,0.16576217440445767
101810011307204697,157334866.0,13.202222222222222,54,2,Bajo Regular,3.990703705632577,-0.43723838235277207
101810011307945228,43324.0,0.0022222222222222222,3,1,Bajo Extremo,-1.3427638909659567,-0.05972871246094889
101810050007771526,33632262.0,2.9883333333333333,8,1,Bajo Extremo,-0.5725981751823929,-0.077297955046553
101810050008129689,49349200.0,10.320555555555556,16,0,Alto Regular,1.0191580464414132,-0.19915008805335851
101820011307693458,47000929.0,4.3341666666666665,13,1,Bajo Extremo,-0.0427020649875747,-0.11861789128045087
101830011306203497,13843158.0,2.6666666666666665,1,1,Bajo Extremo,-1.0898722143847612,-0.03506627308547477
101830011309924119,4458314.0,12.8325,32,2,Bajo Regular,2.438084610995022,-0.4806267909457361
101830011311023083,348.0,0.205,1,1,Bajo Extremo,-1.4469730841765032,-0.039675053017783256
101830011312514114,411654805.0,2.6347222222222224,4,1,Bajo Extremo,-0.8103587640330121,0.680482808398932
101830050006159226,28055998.0,2.5569444444444445,7,1,Bajo Extremo,-0.7025306072021177,-0.07308061550641615
101840011315772890,86814324.0,0.4975,2,1,Bajo Extremo,-1.3198601778004806,0.11009104964386732
101840050007362041,64780700.0,0.6416666666666666,3,1,Bajo Extremo,-1.2370855302289088,0.05645056712448033
101850011309553736,6233754.0,5.751944444444445,4,1,Bajo Extremo,-0.4475179259320404,-0.10907643193817171
101850050014075816,380002.0,0.08083333333333334,2,1,Bajo Extremo,-1.3980700062310316,-0.048830085283974596
101860011306601229,2506598.0,0.9794444444444445,5,1,Bajo Extremo,-1.068268953069596,-0.08550030958055944
101860011306897876,508.0,0.0016666666666666668,2,1,Bajo Extremo,-1.4095404147818624,-0.048854770992528086
101860011312724490,496105.0,0.049999999999999996,6,1,Bajo Extremo,-1.1357314863075483,-0.09214190429877271
101860050002043684,223530548.0,13.965833333333332,24,0,Alto Regular,2.1139284513017143,0.00909152233070201
101870011306528186,19449340.0,16.408055555555556,21,0,Alto Regular,2.2221276147496622,-0.36310696406473775
101870050010786530,3138296.0,8.999722222222223,6,0,Alto Regular,0.1524824403300708,-0.16506232581280555
101870050012342163,1609185.0,0.20722222222222222,5,1,Bajo Extremo,-1.179563268519335,-0.08046733586307181
101880011306800428,755879843.0,8.113888888888889,13,0,Alto Regular,0.6508785500930451,1.1815966676840761
101880011307038734,101043903.0,3.153611111111111,4,1,Bajo Extremo,-0.8013264934542249,0.09183568433953554
101890050004139296,58397007.0,8.678611111111111,38,2,Bajo Regular,2.2519582248092727,-0.40873683681520984
101890050009711913,48017371.0,11.51,11,0,Alto Regular,0.8565721700749045,-0.15725829815112777
101890050011564656,19512055.0,0.07472222222222222,4,1,Bajo Extremo,-1.2615320725139363,-0.034696635991638636
101900011306408415,388146258.0,5.414722222222222,9,1,Bajo Extremo,-0.08191077467464832,0.5573304828490463
101900011315617251,13509991.0,0.8536111111111111,10,1,Bajo Extremo,-0.7506109740230291,-0.11846046012230517
101900050005650497,79339015.0,6.520833333333333,15,0,Alto Regular,0.41211538264358666,-0.09873304158786057
101910011306097930,279530.0,0.6666666666666666,2,1,Bajo Extremo,-1.3138035186281243,-0.05411753026302323
101910011306645561,121421154.0,3.666388888888889,9,1,Bajo Extremo,-0.3898068686602554,0.07094607920037366
101910011310631939,8293233.0,8.539166666666667,27,2,Bajo Regular,1.4877468434222916,-0.38130194414093366
101910011314519990,295011.0,0.3338888888888889,1,1,Bajo Extremo,-1.4283667333014733,-0.04024263123581059
101910011315716403,535324852.0,5.000277777777778,2,1,Bajo Extremo,-0.5772575958163194,0.91436711517904
101910050006700421,13179006.0,0.6663888888888889,2,1,Bajo Extremo,-1.311118173063304,-0.029856508549494218
101910050014081358,276882198.0,12.431111111111111,12,0,Alto Regular,1.1041390254865595,0.2541761863996429
101920011305997611,889008.0,6.568888888888889,5,1,Bajo Extremo,-0.26442038201403795,-0.13718717967754426
101920011306003805,14746190.0,14.530555555555555,10,0,Alto Regular,1.2174426173346173,-0.23516591623672606
101920011306344016,165407.0,0.003611111111111111,2,1,Bajo Extremo,-1.4092258159946418,-0.048561586325233226
101920011311941606,18193267.0,0.17555555555555555,10,1,Bajo Extremo,-0.8471778595654951,-0.10375203877070684
101920050011150541,175210394.0,1.9994444444444444,3,1,Bajo Extremo,-1.0184022497514342,0.25230664340822856
101930011306087256,566088875.0,8.365,23,0,Alto Regular,1.313785319192139,0.7129963117216145
101930011306710337,4827679.0,0.14444444444444443,3,1,Bajo Extremo,-1.3212906344759046,-0.0519690680279931
101930011308273201,1441095.0,1.6683333333333334,3,1,Bajo Extremo,-1.1027541594018082,-0.07160022003340977
101930011309542882,3101513.0,13.333333333333332,6,0,Alto Regular,0.7759799492458432,-0.20284685046870934
101930050006253698,195810092.0,15.999444444444444,8,0,Alto Regular,1.3336601975808737,0.11445628154665012
101930050011552474,36321251.0,11.333333333333334,5,0,Alto Regular,0.4285576151659561,-0.11201860332776932
101940011307515708,2633136.0,5.477222222222222,5,1,Bajo Extremo,-0.42111719518898927,-0.12440643464730615
101940011309299536,104541498.0,1.7625,13,1,Bajo Extremo,-0.4005479797162958,0.011973407648323955
101940050014419217,28394356.0,8.000555555555556,3,0,Alto Regular,-0.18600098887265132,-0.07602146434047277
101950011311552971,11220784.0,11.72388888888889,11,0,Alto Regular,0.8795716523714474,-0.22831900250311085
101960011307938850,132862408.0,0.6666666666666666,2,1,Bajo Extremo,-1.2857923331901977,0.19521628480496528
101960011309352514,7904834.0,6.124444444444444,6,1,Bajo Extremo,-0.26019574120234884,-0.13107493164396886
101960011311013134,24181019.0,0.6525000000000001,10,1,Bajo Extremo,-0.7772916587849074,-0.09664238232724066
101970011305654517,3461.0,0.041666666666666664,5,1,Bajo Extremo,-1.2037220869528407,-0.08204621424364915
101970050008439506,66612708.0,0.34111111111111114,15,1,Bajo Extremo,-0.47969083312392197,-0.06888395856739028
101970050015450473,27128186.0,1.7883333333333333,8,1,Bajo Extremo,-0.7466242442121974,-0.07908586298609765
101980011314055873,2468849.0,0.7686111111111111,6,1,Bajo Extremo,-1.0319233674066806,-0.09468604639399429
101980011315489988,84766.0,2.666388888888889,3,1,Bajo Extremo,-0.9594438641808434,-0.08283697872120024
101980050008085892,3159933.0,1.2619444444444445,3,1,Bajo Extremo,-1.1608608713934019,-0.06483099706272255
101980050010382406,1506240.0,5.333611111111111,2,1,Bajo Extremo,-0.6420801973846492,-0.09242693959257695
101990011310648522,133011861.0,2.3327777777777774,5,1,Bajo Extremo,-0.8459836980448756,0.14814832770873587
101990011312498305,772408.0,4.016666666666667,6,1,Bajo Extremo,-0.5649625538675781,-0.1261441312051578
101990011315631469,86001563.0,12.340833333333334,12,0,Alto Regular,1.0508222359733743,-0.1040060248880914
101990050006851947,49922531.0,13.570277777777777,20,0,Alto Regular,1.7535883819225948,-0.2701526740607625
102000011306462967,143047732.0,2.8166666666666664,4,1,Bajo Extremo,-0.8409306422930032,0.17376001791550788
102000011307818956,18393028.0,13.342777777777778,8,0,Alto Regular,0.913944561505553,-0.19607125193759584
102000011308150774,108836169.0,10.66638888888889,6,0,Alto Regular,0.41460790119733487,0.019206887791082716
102000011311139329,23690562.0,10.000277777777777,6,0,Alto Regular,0.30078112217473063,-0.13511979355739018
102000011313548890,10815330.0,6.368055555555555,7,1,Bajo Extremo,-0.15784334433936187,-0.13867125629704036
102000050004137561,578451.0,0.12416666666666668,7,1,Bajo Extremo,-1.0583556936685155,-0.10358214247992652
102000050013561300,827224.0,9.836944444444445,39,2,Bajo Regular,2.473139903657369,-0.5380324826954513
102010011306317804,4155917.0,3.333333333333333,5,1,Bajo Extremo,-0.7292509403933735,-0.1028844783580354
102010050014781017,4149.0,0.2288888888888889,2,1,Bajo Extremo,-1.3768476822536506,-0.05082543528228139
102020011306428224,848548.0,7.519166666666667,10,0,Alto Regular,0.20573154857736253,-0.20028164993184397
102020011307609490,6682.0,0.7211111111111111,2,1,Bajo Extremo,-1.3060278818940527,-0.05510447419591085
102030011305191549,697533.0,5.178333333333333,8,1,Bajo Extremo,-0.26446661679412004,-0.15829415891977025
102030011306923461,57273383.0,11.873611111111112,16,0,Alto Regular,1.2442805826073857,-0.19776418052169806
102030011308474981,398007557.0,7.666111111111111,10,0,Alto Regular,0.31078240171070287,0.545332098125144
102030011308669693,27281245.0,1.3352777777777778,2,1,Bajo Extremo,-1.2119012839118974,-0.009157331984415429
102030011309127168,164132.0,0.0005555555555555556,2,1,Bajo Extremo,-1.4096657083458812,-0.04853739162227844
102040011306078737,808259.0,8.295833333333333,11,0,Alto Regular,0.38415475099499546,-0.2180663607805814
102040011309667214,705374.0,8.4725,5,0,Alto Regular,0.009425936453796106,-0.15409961791533094
102040011311703494,4058408.0,15.332777777777778,10,0,Alto Regular,1.3306055919450208,-0.2622469621812723
102040050012189165,46265178.0,15.524444444444445,21,0,Alto Regular,2.1006621057775723,-0.30498735773400226
102040050015860422,51635630.0,12.622499999999999,11,0,Alto Regular,1.0173993403584123,-0.16013591286980922
102050011310035649,98473.0,0.013333333333333334,5,1,Bajo Extremo,-1.2077785174594464,-0.08162095121879094
102050011311779559,164801.0,0.0025,2,1,Bajo Extremo,-1.4093858069272336,-0.04855305597882675
102060011307979646,10381359.0,1.3419444444444446,2,1,Bajo Extremo,-1.2145125965092478,-0.04099708051972125
102070011305189538,16801659.0,16.666666666666668,9,0,Alto Regular,1.4585257634261204,-0.23894134165360756
102070011305518318,328510437.0,14.008055555555554,16,0,Alto Regular,1.6086822880554401,0.29374502463583735
102070011305749542,2822372.0,7.333333333333333,10,0,Alto Regular,0.1794114941251152,-0.19495239487576188
102070011306045876,4065006.0,4.105833333333333,21,1,Bajo Extremo,0.44887527857573317,-0.28497251212662866
102070011306878449,31431371.0,6.497777777777777,5,1,Bajo Extremo,-0.2681988303253144,-0.07913068889306155
102070011310373478,36381572.0,10.338333333333333,10,0,Alto Regular,0.6188508638929938,-0.1579938233700264
102070050001206814,727673.0,5.333333333333333,2,1,Bajo Extremo,-0.6422846533136606,-0.09388868612257634
102070050005762061,14280943.0,12.893055555555556,17,0,Alto Regular,1.448559198136428,-0.298437097192141
102070050008456706,14824485.0,14.005277777777778,7,0,Alto Regular,0.9418213329432654,-0.19759831389326776
102080011305618828,54575000.0,1.3325,3,1,Bajo Extremo,-1.1398469605363015,0.031245534760374817
102080011306036400,107927032.0,2.3030555555555554,10,1,Bajo Extremo,-0.5221220458076457,0.046484633969766286
102080011308030096,69163970.0,0.7025,6,1,Bajo Extremo,-1.0273443301890635,0.03131538478927781
102080011314807859,59271786.0,3.8525,14,1,Bajo Extremo,-0.04272258507855632,-0.10229914876885758
102080050011996329,471471944.0,4.580555555555556,10,1,Bajo Extremo,-0.11763583162813789,0.7103419106984731
102080050014119986,89955523.0,14.665833333333333,14,0,Alto Regular,1.5195458146902026,-0.1387039446008476
102090011311751646,273149.0,5.333333333333333,2,1,Bajo Extremo,-0.6423806819731831,-0.09474345865934358
102090011313734713,164745.0,0.04777777777777778,2,1,Bajo Extremo,-1.4028714055370672,-0.048947213096715785
102090050010168930,117009030.0,6.0008333333333335,26,2,Bajo Regular,1.0788212143523273,-0.1438115816409394
102100011305472852,146629021.0,11.095277777777778,13,0,Alto Regular,0.9511124166256612,0.009899691124927064
102100050002429910,31621325.0,11.375555555555556,17,0,Alto Regular,1.233889995830186,-0.25262019770613914
102100050005465013,3663785.0,12.665833333333333,8,0,Alto Regular,0.8134361972903454,-0.21787945754078913
102110011305801307,7390994.0,11.3325,12,0,Alto Regular,0.8891383606335604,-0.2430646351953149
102110011309924092,8448103.0,13.258888888888889,15,0,Alto Regular,1.3665866435979304,-0.2906908585014667
102120050004135870,30597413.0,8.280277777777778,15,0,Alto Regular,0.6549605009966378,-0.20570834819981385
102120050004208611,29485378.0,0.9827777777777778,7,1,Bajo Extremo,-0.9287143829585791,-0.0566925918033303
102120050008651492,29517967.0,9.889166666666666,4,0,Alto Regular,0.15265091253237295,-0.10129459384542597
102120050013951899,188307172.0,4.218333333333334,39,2,Bajo Regular,1.70436263369022,-0.13656119138078593
102130011306470177,5557038.0,4.703333333333333,7,1,Bajo Extremo,-0.3984688712192511,-0.13407188700016542
102130011306840547,1123102.0,7.333055555555555,5,0,Alto Regular,-0.15442521400793174,-0.14339747599888267
102130011311347302,15592965.0,1.3202777777777779,33,2,Bajo Regular,0.8507850901600389,-0.3704460285247115
102130011311622334,4863568.0,0.8680555555555556,10,1,Bajo Extremo,-0.7503595122338704,-0.13484653221734996
102130050013860661,94041060.0,18.54388888888889,14,0,Alto Regular,2.078370469146889,-0.16477138930502586
102140011306868339,81923535.0,10.970833333333333,8,0,Alto Regular,0.5860995155658119,-0.05595352485486622
102140011307154930,12206895.0,2.337222222222222,4,1,Bajo Extremo,-0.937554623304527,-0.06812513751190673
102140011309511770,153427591.0,8.244166666666667,18,0,Alto Regular,0.8757782992344907,-0.007249949877652547
102140050002565299,330000.0,0.030555555555555555,4,1,Bajo Extremo,-1.2719392735821529,-0.07038580322922537
102150011307584553,940176.0,10.666666666666666,7,0,Alto Regular,0.45853990080757645,-0.1946531023232479
102150011310563681,7780453.0,9.0,4,0,Alto Regular,0.020128075598992497,-0.13443550546524172
102160011315418676,21502746.0,1.9802777777777778,5,1,Bajo Extremo,-0.9202590712537123,-0.058486612194592114
102160050004730785,23078127.0,7.571666666666667,44,2,Bajo Regular,2.485358161998152,-0.5312211448673438
102160050017131930,126759918.0,4.395555555555555,19,1,Bajo Extremo,0.3831065620182571,-0.03485608722806478
102170011307801282,86378784.0,10.6825,8,0,Alto Regular,0.5455563666445854,-0.045065674939117104
102170011308633404,6323831.0,8.681111111111111,21,0,Alto Regular,1.1076279685313277,-0.32054316442400904
102170050008711021,2450345.0,7.333333333333333,4,0,Alto Regular,-0.22079238414131422,-0.12995427003077584
102180011309266473,4132384.0,9.664722222222222,19,0,Alto Regular,1.1153085151338573,-0.3113254750157218
102180011309593559,22112184.0,0.6694444444444445,2,1,Bajo Extremo,-1.3087912105637867,-0.01308347057503488
102190011308065226,82346.0,0.0008333333333333334,1,1,Bajo Extremo,-1.4763305682956396,-0.03774398916885644
102190011308724694,421528780.0,13.159722222222221,21,0,Alto Regular,1.8397169620563858,0.42130913956070165
102190011309041258,117134522.0,2.129722222222222,10,1,Bajo Extremo,-0.5451153641386121,0.06530864968648309
102190050004628338,738231.0,0.6661111111111111,2,1,Bajo Extremo,-1.3137865389317547,-0.05325006751726868
102200011306394887,4184307.0,7.591944444444444,7,0,Alto Regular,0.01684468499134072,-0.1617929670761043
102200011307724710,3676488.0,7.666388888888889,5,0,Alto Regular,-0.1059268820867256,-0.14149660293087687
102200011313625421,1119724.0,10.666944444444445,10,0,Alto Regular,0.6586804396803458,-0.22716674118541916
102200050016824138,56946446.0,10.001388888888888,4,0,Alto Regular,0.17459196322313586,-0.050689584203613344
102220011305782858,49853655.0,6.906111111111111,17,0,Alto Regular,0.5946934754705361,-0.17943518402253675
102220011307783875,54926462.0,13.437777777777777,10,0,Alto Regular,1.0687064615952686,-0.15009293680355534
102230011305983187,224096641.0,4.450555555555556,4,1,Bajo Extremo,-0.5887287981483652,0.3119599416099352
102230011307910486,492.0,0.3358333333333333,1,1,Bajo Extremo,-1.42814919714395,-0.04081342270464174
102240011309258034,17082429.0,8.182222222222222,6,0,Alto Regular,0.037809329948829615,-0.1317244618660734
102240050011100408,20430115.0,0.3258333333333333,2,1,Bajo Extremo,-1.3585841885439247,-0.013256307706112427
102250050005065050,5669670.0,8.84361111111111,4,0,Alto Regular,-0.002818579241849743,-0.13704396927386628
102260050008960953,37980850.0,10.480833333333333,8,0,Alto Regular,0.5063160722627748,-0.13432716362081606
102280011305984831,1626553.0,2.666388888888889,2,1,Bajo Extremo,-1.0258056726800564,-0.06898788631154126
102280011311801878,3596805.0,0.8061111111111111,8,1,Bajo Extremo,-0.8929145948200702,-0.1147904389064737
102280011312509945,4963315.0,10.999722222222221,5,0,Alto Regular,0.3739336931637615,-0.16808655990315238
102280050001167569,58531393.0,0.29333333333333333,3,1,Bajo Extremo,-1.288522859718079,0.047729732870833805
102280050015555471,309982947.0,3.7602777777777776,5,1,Bajo Extremo,-0.6032106194759743,0.46853457879529503
102280050016530613,21288181.0,12.562777777777777,33,2,Bajo Regular,2.469521135121253,-0.45757897661140945
102290011309828548,1467281.0,8.665833333333333,6,0,Alto Regular,0.10409059814690429,-0.16529898727107564
102290050011590748,165467.0,0.3372222222222222,3,1,Bajo Extremo,-1.2945394207513867,-0.062414511616189036
102290050014020916,17691001.0,1.355,3,1,Bajo Extremo,-1.1444023307586173,-0.03831390101799849
102300011305827644,12240442.0,0.4494444444444444,4,1,Bajo Extremo,-1.209154604765324,-0.051632748393947506
102300011306361902,5205172.0,0.08305555555555555,2,1,Bajo Extremo,-1.3967308521761872,-0.03977526678686876
102300050015461724,1501720.0,11.081944444444446,14,0,Alto Regular,0.9852201247041783,-0.2738586055795126
102310011306238205,607182.0,10.339166666666667,4,0,Alto Regular,0.21128731854877736,-0.15958022224339283
102310011311429404,9814846.0,12.4775,22,0,Alto Regular,1.721264639793602,-0.3579675422732074
102320011306172277,369755434.0,5.711111111111111,32,2,Bajo Regular,1.4906607387122142,0.2683240534430308
102320011308917773,40308423.0,0.8605555555555555,59,2,Bajo Regular,2.523739733329859,-0.6046557402695828
102320011311866914,163980.0,0.0016666666666666668,2,1,Bajo Extremo,-1.4095058775582407,-0.048547347454650176
102320011315639893,39077069.0,0.6722222222222223,2,1,Bajo Extremo,-1.3048073307715216,0.01879631946706685
102320050004341811,751257.0,2.6666666666666665,1,1,Bajo Extremo,-1.0926381798863245,-0.05968674951548871
102320050017605704,89987430.0,2.0,1,1,Bajo Extremo,-1.1697027245364295,0.11393174711619264
102330011305694061,10001868.0,16.038055555555555,15,0,Alto Regular,1.766771993703054,-0.31195591098919734
102330011306882591,204043742.0,8.233055555555556,5,0,Alto Regular,0.01793539296476956,0.23038002829150295
102330011307905428,244090.0,8.37361111111111,3,0,Alto Regular,-0.13827441161198728,-0.13220722325232143
102330011308130896,33393571.0,10.66611111111111,6,0,Alto Regular,0.3986289497268695,-0.12266716520268613
102330011309822437,1981769.0,8.0,3,0,Alto Regular,-0.19166118742492336,-0.1256878326134615
102330011311794499,37146332.0,3.9991666666666665,10,1,Bajo Extremo,-0.29304537967903155,-0.101385954439987
102330011315425246,11081899.0,17.015833333333333,12,0,Alto Regular,1.707616888621874,-0.285585525026339
102330050007513169,2271922.0,0.8541666666666666,4,1,Bajo Extremo,-1.153030622380669,-0.07390172220655306
